CNTRY_NAME,AREA,CAPNAME,CAPLONG,CAPLAT,FEATUREID,COWCODE,COWSYEAR,COWSMONTH,COWSDAY,COWEYEAR,COWEMONTH,COWEDAY,GWCODE,GWSYEAR,GWSMONTH,GWSDAY,GWEYEAR,GWEMONTH,GWEDAY,ISONAME,ISO1NUM,ISO1AL2,ISO1AL3
Guyana,211982.004988000001,Georgetown,-58.2000000,6.8000000,0,110,1966,5,26,2016,6,30,110,1966,5,26,2016,6,30,Guyana,328,GY,GUY
Suriname,145952.274028999993,Paramaribo,-55.2000000,5.8333330,1,115,1975,11,25,2016,6,30,115,1975,11,25,2016,6,30,Suriname,740,SR,SUR
Trinidad and Tobago,5041.728951930000,Port-of-Spain,-61.5000000,10.6500000,2,52,1962,8,31,2016,6,30,52,1962,8,31,2016,6,30,Trinidad and Tobago,780,TT,TTO
Venezuela,916782.217193000019,Caracas,-66.9000000,10.5000000,3,101,1946,1,1,2016,6,30,101,1946,1,1,2016,6,30,Venezuela,862,VE,VEN
Samoa,2955.212366490000,Apia,-172.0000000,-13.8000000,4,990,1976,12,15,2016,6,30,990,1962,1,1,2016,6,30,Samoa,882,WS,WSM
Tonga,464.747331420000,Nuku'alofa,-175.0000000,-21.1000000,5,955,1999,9,14,2016,6,30,972,1970,6,4,2016,6,30,Tonga,776,TO,TON
Argentina,2787442.097719999962,Buenos Aires,-58.7000000,-34.6000000,6,160,1946,1,1,2016,6,30,160,1946,1,1,2016,6,30,Argentina,32,AR,ARG
Bolivia,1092697.435619999887,La Paz,-68.2000000,-16.5000000,7,145,1946,1,1,2016,6,30,145,1946,1,1,2016,6,30,Bolivia,68,BO,BOL
Brazil,8523619.571450000629,Brasilia,-47.9000000,-15.8000000,8,140,1960,4,21,2016,6,30,140,1960,4,21,2016,6,30,Brazil,76,BR,BRA
Chile,745808.493556999951,Santiago,-70.7000000,-33.5000000,9,155,1946,1,1,2016,6,30,155,1946,1,1,2016,6,30,Chile,152,CL,CHL
Ecuador,257026.690766000014,Quito,-78.5000000,-0.2166667,10,130,1946,1,1,2016,6,30,130,1946,1,1,2016,6,30,Ecuador,218,EC,ECU
Paraguay,400653.400581999973,Asuncion,-57.7000000,-25.3000000,11,150,1946,1,1,2016,6,30,150,1946,1,1,2016,6,30,Paraguay,600,PY,PRY
Peru,1299028.077629999956,Lima,-77.0000000,-12.1000000,12,135,1946,1,1,2016,6,30,135,1946,1,1,2016,6,30,Peru,604,PE,PER
Uruguay,178357.241440000013,Montevideo,-56.2000000,-34.9000000,13,165,1946,1,1,2016,6,30,165,1946,1,1,2016,6,30,Uruguay,858,UY,URY
Canada,9526178.124870000407,Ottawa,-75.7000000,45.4208300,14,20,1946,1,1,1948,6,30,20,1946,1,1,1948,6,30,,0,,
Guatemala,109653.931117999993,Guatemala City,-90.5000000,14.6211100,15,90,1946,1,1,2016,6,30,90,1946,1,1,2016,6,30,Guatemala,320,GT,GTM
Mexico,1965660.690140000079,Mexico City,-99.1000000,19.4341700,16,70,1946,1,1,2016,6,30,70,1946,1,1,2016,6,30,Mexico,484,MX,MEX
Barbados,448.945911949000,Bridgetown,-59.6000000,13.1000000,17,53,1966,11,30,2016,6,30,53,1966,11,30,2016,6,30,Barbados,52,BB,BRB
Dominica,774.491216087000,Roseau,-61.4000000,15.3000000,18,54,1978,11,3,2016,6,30,54,1978,11,3,2016,6,30,Dominica,212,DM,DMA
Grenada,348.318551633000,Saint George's,-61.8000000,12.0500000,19,55,1974,2,7,2016,6,30,55,1974,2,7,2016,6,30,Grenada,308,GD,GRD
St. Lucia,639.059498815000,Castries,-61.0000000,14.0000000,20,56,1979,2,22,2016,6,30,56,1979,2,22,2016,6,30,Saint Lucia,662,LC,LCA
St. Vincent and the Grenadines,344.300049243000,Kingstown,-61.2000000,13.1666700,21,57,1979,10,27,2016,6,30,57,1979,10,27,2016,6,30,Saint Vincent and the Grenadines,670,VC,VCT
Dominican Republic,48625.699063499997,Santo Domingo,-69.9000000,18.4666700,22,42,1946,1,1,2016,6,30,42,1946,1,1,2016,6,30,Dominican Republic,214,DO,DOM
Haiti,27315.459142500000,Port-au-Prince,-72.3000000,18.5392000,23,41,1946,1,1,2016,6,30,41,1946,1,1,2016,6,30,Haiti,332,HT,HTI
Jamaica,11097.419796900000,Kingston,-76.8000000,18.0000000,24,51,1962,8,6,2016,6,30,51,1962,8,6,2016,6,30,Jamaica,388,JM,JAM
Bahamas,12192.040472100000,Nassau,-77.3000000,25.0833300,25,31,1973,7,10,2016,6,30,31,1973,7,10,2016,6,30,Bahamas,44,BS,BHS
Belize,22208.858550199999,Belmopan,-88.8000000,17.2500000,26,80,1981,9,21,2016,6,30,80,1981,9,21,2016,6,30,Belize,84,BZ,BLZ
Colombia,1142725.713149999967,Bogota,-74.1000000,4.6000000,27,100,1946,1,1,2016,6,30,100,1946,1,1,2016,6,30,Colombia,170,CO,COL
Costa Rica,51402.625392599999,San Jose,-84.1000000,9.9333330,28,94,1946,1,1,2016,6,30,94,1946,1,1,2016,6,30,Costa Rica,188,CR,CRI
Cuba,109740.925034000000,Havana,-82.4000000,23.1319400,29,40,1946,1,1,2016,6,30,40,1946,1,1,2016,6,30,Cuba,192,CU,CUB
El Salvador,20692.839088299999,San Salvador,-89.2000000,13.7086100,30,92,1946,1,1,2016,6,30,92,1946,1,1,2016,6,30,El Salvador,222,SV,SLV
Honduras,112871.255491999997,Tegucigalpa,-87.2000000,14.1000000,31,91,1946,1,1,2016,6,30,91,1946,1,1,2016,6,30,Honduras,340,HN,HND
Nicaragua,128883.087518000000,Managua,-86.3000000,12.1508300,32,93,1946,1,1,2016,6,30,93,1946,1,1,2016,6,30,Nicaragua,558,NI,NIC
Panama,74612.567561499993,Panama City,-79.5000000,8.9666670,33,95,1946,1,1,2016,6,30,95,1946,1,1,2016,6,30,Panama,591,PA,PAN
Antigua and Barbuda,539.862118904000,St. John's,-61.9000000,17.1166700,34,58,1981,11,1,2016,6,30,58,1981,11,1,2016,6,30,Antigua and Barbuda,28,AG,ATG
St. Kitts and Nevis,196.699148006000,Basseterre,-62.7000000,17.3000000,35,60,1983,9,19,2016,6,30,60,1983,9,19,2016,6,30,Saint Kitts and Nevis,659,KN,KNA
Iceland,102510.041259000005,Reykjavik,-21.9000000,64.1500000,36,395,1946,1,1,2016,6,30,395,1946,1,1,2016,6,30,Iceland,352,IS,ISL
Ireland,69507.089470000006,Dublin,-6.2488890,53.3330600,37,205,1946,1,1,2016,6,30,205,1946,1,1,2016,6,30,Ireland,372,IE,IRL
United Kingdom,243845.075909000007,London,-0.1166667,51.5000000,38,200,1946,1,1,2016,6,30,200,1946,1,1,2016,6,30,United Kingdom,826,GB,GBR
Cape Verde,4054.303246660000,Praia,-23.5000000,14.9166700,39,402,1975,7,5,2016,6,30,402,1975,7,5,2016,6,30,Cape Verde,132,CV,CPV
Cote d'Ivoire,323412.228545000020,Yamoussoukro,-5.2833330,6.8166670,40,437,1960,8,7,2016,6,30,437,1960,8,7,2016,6,30,Cote d'Ivoire,384,CI,CIV
Ghana,240585.519658000005,Accra,-0.2166667,5.5500000,41,452,1957,3,6,2016,6,30,452,1957,3,6,2016,6,30,Ghana,288,GH,GHA
Liberia,96634.517473900007,Monrovia,-10.8000000,6.3105550,42,450,1946,1,1,2016,6,30,450,1946,1,1,2016,6,30,Liberia,430,LR,LBR
Morocco,401444.801090000023,Rabat,-6.8300000,34.0200000,43,600,1956,3,2,1958,3,31,600,1956,3,2,1958,3,31,,0,,
Portugal,92026.585582500004,Lisbon,-9.1333330,38.7166700,44,235,1946,1,1,2016,6,30,235,1946,1,1,2016,6,30,Portugal,620,PT,PRT
Spain,506733.603989000025,Madrid,-3.6833330,40.4000000,45,230,1946,1,1,2016,6,30,230,1946,1,1,2016,6,30,Spain,724,ES,ESP
Burkina Faso,274009.474051999976,Ouagadougou,-1.5247220,12.3702800,46,439,1960,8,5,2016,6,30,439,1960,8,5,2016,6,30,Burkina Faso,854,BF,BFA
Guinea,246594.677066000004,Conakry,-13.7000000,9.5091670,47,438,1958,10,2,2016,6,30,438,1958,10,2,2016,6,30,Guinea,324,GN,GIN
Guinea-Bissau,33462.115420499998,Bissau,-15.6000000,11.8500000,48,404,1974,9,10,2016,6,30,404,1974,9,10,2016,6,30,Guinea-Bissau,624,GW,GNB
Mali,1259194.501230000053,Bamako,-8.0000000,12.6500000,49,432,1960,8,20,2016,6,30,432,1960,9,22,2016,6,30,Mali,466,ML,MLI
Mauritania,1043783.427469999995,Nouakchott,-16.0000000,18.1194400,50,435,1960,11,28,1976,3,31,435,1960,11,28,1976,3,31,Mauritania,478,MR,MRT
Senegal,197172.573237000004,Dakar,-17.5000000,14.7088900,51,433,1960,8,20,2016,6,30,433,1960,4,4,2016,6,30,Senegal,686,SN,SEN
Sierra Leone,72952.342651600004,Freetown,-13.2000000,8.4900000,52,451,1961,4,27,2016,6,30,451,1961,4,27,2016,6,30,Sierra Leone,694,SL,SLE
The Gambia,10787.140456499999,Banjul,-16.6000000,13.4530600,53,420,1965,2,18,2016,6,30,420,1965,2,18,2016,6,30,Gambia,270,GM,GMB
Djibouti,21567.909704500002,Djibouti,43.1480600,11.5950000,54,522,1977,6,27,2016,6,30,522,1977,6,27,2016,6,30,Djibouti,262,DJ,DJI
Eritrea,121605.399367000005,Asmara,38.9333300,15.3333300,55,531,1993,5,23,2016,6,30,531,1993,5,24,2016,6,30,Eritrea,232,ER,ERI
Ethiopia,1134773.296920000110,Addis Ababa,38.7000000,9.0333330,56,530,1993,5,23,2016,6,30,530,1993,5,24,2016,6,30,Ethiopia,231,ET,ETH
Mongolia,1562323.426830000011,Ulan Bator,107.0000000,47.9166700,57,712,1946,1,1,2016,6,30,712,1946,1,1,2016,6,30,Mongolia,496,MN,MNG
Sudan,2501656.193500000052,Khartoum,32.5341700,15.5880600,58,625,1956,1,1,2011,7,8,625,1956,1,1,2011,7,8,Sudan,736,SD,SDN
Iraq,437462.661411000008,Baghdad,44.3938900,33.3386100,60,645,1946,1,1,2016,6,30,645,1946,1,1,2016,6,30,Iraq,368,IQ,IRQ
Israel,20783.964425800001,Jerusalem,35.2236100,31.7791700,61,666,1948,5,14,1967,5,31,666,1948,5,14,1967,5,31,,0,,
Jordan,89491.068485600001,Amman,35.9333300,31.9500000,62,663,1946,3,22,2016,6,30,663,1946,5,25,2016,6,30,Jordan,400,JO,JOR
Kazakhstan,2721207.079160000198,Astana,71.4277800,51.1811100,63,705,1991,12,26,2016,6,30,705,1991,12,16,2016,6,30,Kazakhstan,398,KZ,KAZ
Norway,319586.663463999983,Oslo,10.7500000,59.9166700,64,385,1946,1,1,2016,6,30,385,1946,1,1,2016,6,30,Norway,578,NO,NOR
Russia,16827198.001299999654,Moscow,37.6155500,55.7522200,65,365,1991,12,26,2016,6,30,365,1991,12,21,2016,6,30,Russian Federation,643,RU,RUS
Sweden,444337.592324000027,Stockholm,18.0500000,59.3333300,66,380,1946,1,1,2016,6,30,380,1946,1,1,2016,6,30,Sweden,752,SE,SWE
Algeria,2326148.441310000140,Algiers,3.0505560,36.7630500,67,615,1962,7,5,2016,6,30,615,1962,7,5,2016,6,30,Algeria,12,DZ,DZA
Andorra,507.451028558000,Andorra la Vella,1.5166670,42.5000000,68,232,1993,7,28,2016,6,30,232,1946,1,1,2016,6,30,Andorra,20,AD,AND
Cameroon,467816.059698999976,Yaounde,11.5166700,3.8666670,69,471,1961,10,1,2016,6,30,471,1961,10,1,2016,6,30,Cameroon,120,CM,CMR
Central African Republic,622696.581450000056,Bangui,18.5833300,4.3666670,70,482,1960,8,13,2016,6,30,482,1960,8,13,2016,6,30,Central African Republic,140,CF,CAF
Libya,1623932.594439999899,Tripoli,13.1800000,32.8925000,71,620,1951,12,24,1972,12,31,620,1951,12,24,1972,12,31,,0,,
Monaco,9.275837119590,Monaco,7.4166670,43.7333300,72,221,1993,5,28,2016,6,30,221,1946,1,1,2016,6,30,Monaco,492,MC,MCO
Tunisia,155771.465694999992,Tunis,10.1797200,36.8027800,73,616,1956,3,20,2016,6,30,616,1956,1,1,2016,6,30,Tunisia,788,TN,TUN
Benin,116922.187422999996,Porto-Novo,2.6166670,6.4833330,74,434,1960,8,1,2016,6,30,434,1960,8,1,2016,6,30,Benin,204,BJ,BEN
Chad,1279118.912779999897,N'Djamena,15.2166700,11.7166700,75,483,1960,8,11,1972,12,31,483,1960,8,11,1972,12,31,,0,,
Equatorial Guinea,27102.466691400001,Malabo,8.7833330,3.7500000,76,411,1968,10,12,2016,6,30,411,1968,10,12,2016,6,30,Equatorial Guinea,226,GQ,GNQ
Kiribati,425.447053045000,Tarawa,173.0000000,1.3166670,77,946,1999,9,14,2016,6,30,970,1979,7,12,2016,6,30,Kiribati,296,KI,KIR
Niger,1188522.524800000014,Niamey,2.1166670,13.5166700,78,436,1960,10,3,2016,6,30,436,1960,8,3,2016,6,30,Niger,562,NE,NER
Nigeria,914291.337152000051,Abuja,7.5333330,9.0833330,79,475,1961,6,1,2016,6,30,475,1961,6,1,2016,6,30,Nigeria,566,NG,NGA
Sao Tome and Principe,1149.775371930000,Sao Tome,6.6813890,0.3361110,80,403,1975,7,12,2016,6,30,403,1975,7,12,2016,6,30,Sao Tome and Principe,678,ST,STP
Togo,57485.448433500002,Lome,1.6000000,7.1000000,81,461,1960,4,27,2016,6,30,461,1960,4,27,2016,6,30,Togo,768,TG,TGO
Albania,28680.714459200000,Tirane,19.8188900,41.3275000,82,339,1946,1,1,2016,6,30,339,1946,1,1,2016,6,30,Albania,8,AL,ALB
Bosnia and Herzegovina,51537.974826600002,Sarajevo,18.3833300,43.8500000,83,346,1992,4,7,2016,6,30,346,1992,4,27,2016,6,30,Bosnia and Herzegovina,70,BA,BIH
Croatia,55889.115174200000,Zagreb,16.0000000,45.8000000,84,344,1992,1,15,2016,6,30,344,1992,4,27,2016,6,30,Croatia,191,HR,HRV
Italy,300242.620682000008,Rome,12.4833300,41.9000000,85,325,1946,1,1,2016,6,30,325,1946,1,1,2016,6,30,Italy,380,IT,ITA
Macedonia,25483.193211900001,Skopje,21.4333300,42.0000000,86,343,1993,4,8,2016,6,30,343,1991,11,20,2016,6,30,"Macedonia, the former Yugoslav Republic of",807,MK,MKD
Malta,295.019435295000,Valletta,14.5147200,35.8997200,87,338,1964,9,21,2016,6,30,338,1964,9,21,2016,6,30,Malta,470,MT,MLT
San Marino,59.881175000500,San Marino,12.4500000,43.9333300,88,331,1992,3,2,2016,6,30,331,1946,1,1,2016,6,30,San Marino,674,SM,SMR
Bulgaria,111083.068327999994,Sofia,23.3166700,42.6833300,90,355,1946,1,1,2016,6,30,355,1946,1,1,2016,6,30,Bulgaria,100,BG,BGR
Cyprus,9157.708605170001,Nicosia,33.3666600,35.1666700,91,352,1960,8,16,2016,6,30,352,1960,8,16,2016,6,30,Cyprus,196,CY,CYP
Egypt,1002473.978439999977,Cairo,31.2500000,30.0500000,92,651,1946,1,1,1958,1,31,651,1946,1,1,1967,5,31,,0,,
Georgia,70004.604641700003,T'bilisi,44.7908300,41.7250000,93,372,1991,12,26,2016,6,30,372,1991,9,6,2016,6,30,Georgia,268,GE,GEO
Greece,130247.978371999998,Athens,23.7333300,37.9833300,94,350,1946,1,1,2016,6,30,350,1946,1,1,2016,6,30,Greece,300,GR,GRC
Lebanon,10240.233556800000,Beirut,35.5097200,33.8719400,95,660,1946,3,10,2016,6,30,660,1946,1,1,2016,6,30,Lebanon,422,LB,LBN
Syria,188436.319944999996,Damascus,36.3000000,33.5000000,96,652,1946,4,17,1958,2,1,652,1946,1,1,1967,5,31,,0,,
Turkey,781079.220750999986,Ankara,32.8644400,39.9272200,97,640,1946,1,1,2016,6,30,640,1946,1,1,2016,6,30,Turkey,792,TR,TUR
Austria,83896.077903300000,Vienna,16.3666700,48.2000000,98,305,1955,7,27,2016,6,30,305,1946,1,1,2016,6,30,Austria,40,AT,AUT
Czech Republic,78668.411743400007,Prague,14.4666700,50.0833300,99,316,1993,1,1,2016,6,30,316,1993,1,1,2016,6,30,Czech Republic,203,CZ,CZE
Denmark,42604.674357700002,Copenhagen,12.5833300,55.6666700,100,390,1946,1,1,2016,6,30,390,1946,1,1,2016,6,30,Denmark,208,DK,DNK
Hungary,92949.132529700000,Budapest,19.0833300,47.5000000,101,310,1946,1,1,2016,6,30,310,1946,1,1,2016,6,30,Hungary,348,HU,HUN
Poland,311161.237355999998,Warsaw,21.0000000,52.2500000,102,290,1946,1,1,2016,6,30,290,1946,1,1,2016,6,30,Poland,616,PL,POL
Slovakia,48884.720098300000,Bratislava,17.1166700,48.1500000,103,317,1993,1,1,2016,6,30,317,1993,1,1,2016,6,30,Slovakia,703,SK,SVK
Slovenia,20415.612551099999,Ljubljana,14.5144400,46.0552800,104,349,1992,1,15,2016,6,30,349,1992,4,27,2016,6,30,Slovenia,705,SI,SVN
Belgium,30611.699104100000,Brussels,4.3333330,50.8333300,105,211,1946,1,1,2016,6,30,211,1946,1,1,2016,6,30,Belgium,56,BE,BEL
France,547871.255355000030,Paris,2.3333330,48.8666600,106,220,1946,1,1,2016,6,30,220,1946,1,1,2016,6,30,France,250,FR,FRA
Liechtenstein,176.309935955000,Vaduz,9.5166660,47.1333400,107,223,1990,9,18,2016,6,30,223,1946,1,1,2016,6,30,Liechtenstein,438,LI,LIE
Luxembourg,2577.809279700000,Luxembourg,6.1300000,49.6116700,108,212,1946,1,1,2016,6,30,212,1946,1,1,2016,6,30,Luxembourg,442,LU,LUX
Netherlands,35485.574994499999,Amsterdam,4.9166670,52.3500000,109,210,1946,1,1,2016,6,30,210,1946,1,1,2016,6,30,Netherlands,528,NL,NLD
Switzerland,41475.571286300001,Bern,7.4666670,46.9166700,110,225,1946,1,1,2016,6,30,225,1946,1,1,2016,6,30,Switzerland,756,CH,CHE
Belarus,207315.892132000008,Minsk,27.5666700,53.9000000,111,370,1991,12,26,2016,6,30,370,1991,8,25,2016,6,30,Belarus,112,BY,BLR
Estonia,45791.580093700002,Tallinn,24.7280600,59.4338900,112,366,1991,9,6,2016,6,30,366,1991,9,6,2016,6,30,Estonia,233,EE,EST
Finland,333891.198260999983,Helsinki,24.9341700,60.1755600,113,375,1946,1,1,2016,6,30,375,1946,1,1,2016,6,30,Finland,246,FI,FIN
Latvia,64469.191475200001,Riga,24.1333300,56.9666700,114,367,1991,9,6,2016,6,30,367,1991,9,6,2016,6,30,Latvia,428,LV,LVA
Lithuania,64857.556813100004,Vilnius,25.3166700,54.6833300,115,368,1991,9,6,2016,6,30,368,1991,9,6,2016,6,30,Lithuania,440,LT,LTU
Moldova,33670.870067099997,Chisinau,28.8575000,47.0055500,116,359,1991,12,26,2016,6,30,359,1991,8,27,2016,6,30,Moldova,498,MD,MDA
Romania,237334.065116999991,Bukarest,26.1000000,44.4333300,117,360,1946,1,1,2016,6,30,360,1946,1,1,2016,6,30,Romania,642,RO,ROU
Ukraine,596958.708921000012,Kiev,30.5166700,50.4333300,118,369,1991,12,26,2016,6,30,369,1991,12,1,2016,6,30,Ukraine,804,UA,UKR
Maldives,33.853894320100,Male,73.5000000,4.1666670,119,781,1965,7,26,2016,6,30,781,1965,5,26,2016,6,30,Maldives,462,MV,MDV
Oman,310330.681625999976,Masqat,58.5933300,23.6133300,120,698,1971,10,7,2016,6,30,698,1946,1,1,2016,6,30,Oman,512,OM,OMN
Somalia,640483.588890000014,Mogadishu,45.3666600,2.0666670,121,520,1960,7,1,2016,6,30,520,1960,7,1,2016,6,30,Somalia,706,SO,SOM
Sri Lanka,66468.358961299993,Colombo,79.8477800,6.9319440,122,780,1948,2,4,2016,6,30,780,1948,2,4,2016,6,30,Sri Lanka,144,LK,LKA
Turkmenistan,472337.174737999972,Ashgabat,58.3833400,37.9500000,123,701,1991,12,26,2016,6,30,701,1991,10,27,2016,6,30,Turkmenistan,795,TM,TKM
Uzbekistan,446971.059950999974,Tashkent,69.2500000,41.3166700,124,704,1991,12,26,2016,6,30,704,1991,8,31,2016,6,30,Uzbekistan,860,UZ,UZB
Yemen,456146.698894999980,Sana'a,44.1833300,15.2833300,125,679,2000,6,12,2016,6,30,678,2000,6,12,2016,6,30,Yemen,887,YE,YEM
Armenia,29702.499264099999,Yerevan,44.5136100,40.1811100,126,371,1991,12,26,2016,6,30,371,1991,12,21,2016,6,30,Armenia,51,AM,ARM
Azerbaijan,86045.874588100007,Baku,49.8822200,40.3952800,127,373,1991,12,26,2016,6,30,373,1991,12,21,2016,6,30,Azerbaijan,31,AZ,AZE
Bahrain,642.915228571000,Manama,50.5830600,26.2361100,128,692,1971,8,15,2016,6,30,692,1971,8,15,2016,6,30,Bahrain,48,BH,BHR
Iran,1626149.960279999999,Tehran,51.4244500,35.6719400,129,630,1946,1,1,2016,6,30,630,1946,1,1,2016,6,30,"Iran, Islamic Republic of",364,IR,IRN
Kuwait,16798.111064799999,Kuwait,47.9783300,29.3697200,130,690,1961,6,19,2016,6,30,690,1961,6,19,2016,6,30,Kuwait,414,KW,KWT
Qatar,11143.663419200000,Doha,51.5333300,25.2866700,131,694,1971,9,3,2016,6,30,694,1971,9,3,2016,6,30,Qatar,634,QA,QAT
Saudi Arabia,1933234.384689999977,Riyadh,46.7727800,24.6408300,132,670,2000,6,12,2016,6,30,670,2000,6,12,2016,6,30,Saudi Arabia,682,SA,SAU
United Arab Emirates,70685.174115300004,Abu Dhabi,54.3666600,24.4666700,133,696,1971,12,2,2016,6,30,696,1971,12,2,2016,6,30,United Arab Emirates,784,AE,ARE
Afghanistan,643557.140912999981,Kabul,69.1833300,34.5166700,134,700,1946,1,1,2016,6,30,700,1946,1,1,2016,6,30,Afghanistan,4,AF,AFG
Kyrgyzstan,199732.539747000003,Bishkek,74.6002800,42.8730500,135,703,1991,12,26,2016,6,30,703,1991,8,31,2016,6,30,Kyrgyzstan,417,KG,KGZ
Nepal,147710.194614000007,Kathmandu,85.3166700,27.7166700,136,790,1946,1,1,2016,6,30,790,1946,1,1,2016,6,30,Nepal,524,NP,NPL
Pakistan,879492.896930000046,Islamabad,73.1666600,33.7000000,137,770,1971,12,16,2016,6,30,770,1971,12,16,2016,6,30,Pakistan,586,PK,PAK
Tajikistan,142643.839584000001,Dushanbe,68.7738900,38.5600000,138,702,1991,12,26,2016,6,30,702,1991,9,9,2016,6,30,Tajikistan,762,TJ,TJK
Bangladesh,138505.328341999993,Dhaka,90.4086100,23.7230500,139,771,1971,12,16,2016,6,30,771,1971,12,16,2016,6,30,Bangladesh,50,BD,BGD
Bhutan,39991.356124099999,Thimphu,89.6000000,27.4833300,140,760,1971,9,21,2016,6,30,760,1949,1,1,2016,6,30,Bhutan,64,BT,BTN
Brunei,5785.180399440000,Bandar Seri Begawan,115.0000000,4.8833330,141,835,1984,1,1,2016,6,30,835,1984,1,1,2016,6,30,Brunei Darussalam,96,BN,BRN
China,9424689.746440000832,Beijing,116.0000000,39.9288900,142,710,1946,1,1,1949,12,7,710,1946,1,1,1949,12,7,,0,,
Japan,371862.299661999976,Tokyo,140.0000000,35.6850000,143,740,1952,4,28,2016,6,30,740,1946,1,1,2016,6,30,Japan,392,JP,JPN
North Korea,122351.726844000004,Pyongyang,126.0000000,39.0194400,144,731,1948,9,9,2016,6,30,731,1948,9,9,2016,6,30,"Korea, Democratic People's Republic of",408,KP,PRK
Palau,382.603448129000,Koror,134.0000000,7.3405560,145,986,1994,12,15,2016,6,30,986,1994,10,1,2016,6,30,Palau,585,PW,PLW
Philippines,294201.601138000027,Manila,121.0000000,14.6041700,146,840,1946,7,4,2016,6,30,840,1946,7,4,2016,6,30,Philippines,608,PH,PHL
South Korea,97429.716398599994,Seoul,127.0000000,37.5663900,147,732,1949,6,29,2016,6,30,732,1948,8,15,2016,6,30,"Korea, Republic of",410,KR,KOR
Cambodia,182847.295534000004,Phnom Penh,105.0000000,11.5500000,148,811,1953,11,9,2016,6,30,811,1953,11,9,2016,6,30,Cambodia,116,KH,KHM
Laos,231120.578520999989,Vientiane,103.0000000,17.9666700,149,812,1953,10,23,2016,6,30,812,1954,5,1,2016,6,30,Lao People's Democratic Republic,418,LA,LAO
Myanmar,670372.095394999953,Yangon,96.1666600,16.7833300,150,775,1948,1,4,2016,6,30,775,1948,1,4,2016,6,30,Myanmar,104,MM,MMR
Thailand,515247.086971000012,Bangkok,101.0000000,13.7500000,151,800,1946,1,1,2016,6,30,800,1946,1,1,2016,6,30,Thailand,764,TH,THA
Vietnam,326086.275122000021,Hanoi,106.0000000,21.0333300,152,816,1975,5,1,2016,6,30,816,1975,5,1,2016,6,30,Viet Nam,704,VN,VNM
Marshall Is.,34.918183565400,Majuro,171.0000000,7.1000000,153,983,1991,9,17,2016,6,30,983,1986,10,21,2016,6,30,Marshall Islands,584,MH,MHL
Micronesia,519.642298193000,Palikir,158.0000000,6.9166670,154,987,1991,9,17,2016,6,30,987,1986,11,3,2016,6,30,"Micronesia, Federated States of",583,FM,FSM
Botswana,581127.216322000022,Gaborone,25.9119500,-24.6000000,155,571,1966,9,30,2016,6,30,571,1966,9,30,2016,6,30,Botswana,72,BW,BWA
Burundi,27367.749959000001,Bujumbura,29.3600000,-3.3761110,156,516,1962,7,1,2016,6,30,516,1962,7,1,2016,6,30,Burundi,108,BI,BDI
Rwanda,25305.624439300002,Kigali,30.0605600,-1.9536110,158,517,1962,7,1,2016,6,30,517,1962,1,7,2016,6,30,Rwanda,646,RW,RWA
Zambia,756428.205434000003,Lusaka,28.2833300,-15.4000000,160,551,1964,10,24,2016,6,30,551,1964,10,24,2016,6,30,Zambia,894,ZM,ZMB
Zimbabwe,391930.531069000019,Harare,31.0447200,-17.8000000,161,552,1965,11,11,2016,6,30,552,1965,11,11,2016,6,30,Zimbabwe,716,ZW,ZWE
Comoros,1726.735968570000,Moroni,43.2402800,-11.7000000,162,581,1975,12,31,2016,6,30,581,1975,7,6,2016,6,30,Comoros,174,KM,COM
Lesotho,30621.428734300000,Maseru,27.4833300,-29.3000000,163,570,1966,10,4,2016,6,30,570,1966,10,4,2016,6,30,Lesotho,426,LS,LSO
Malawi,119198.864167000007,Lilongwe,33.7833300,-14.0000000,164,553,1964,7,6,2016,6,30,553,1964,7,6,2016,6,30,Malawi,454,MW,MWI
Mozambique,790679.445056000026,Maputo,32.5891700,-26.0000000,165,541,1975,6,25,2016,6,30,541,1975,6,25,2016,6,30,Mozambique,508,MZ,MOZ
South Africa,1224585.797400000039,Pretoria,28.2294400,-25.7000000,166,560,1990,3,1,2016,6,30,560,1990,3,21,2016,6,30,South Africa,710,ZA,ZAF
Swaziland,17179.417560200000,Mbabane,31.1333300,-26.3000000,167,572,1968,9,6,2016,6,30,572,1968,9,6,2016,6,30,Swaziland,748,SZ,SWZ
Angola,1254965.955820000032,Luanda,13.2344400,-8.8383330,168,540,1975,11,11,2016,6,30,540,1975,11,11,2016,6,30,Angola,24,AO,AGO
Congo,346333.853885999997,Brazzaville,15.2847200,-4.2591670,169,484,1960,8,15,2016,6,30,484,1960,8,15,2016,6,30,Congo,178,CG,COG
"Congo, DRC",2342042.844560000114,Kinshasa,15.3150000,-4.3297220,170,490,1960,6,30,2016,6,30,490,1960,6,30,2016,6,30,"Congo, Democratic Republic of the",180,CD,COD
Fiji,18172.865629100001,Suva,178.0000000,-18.1000000,171,950,1970,10,10,2016,6,30,950,1970,10,10,2016,6,30,Fiji,242,FJ,FJI
Gabon,262447.341738999996,Libreville,9.4500000,0.3833333,172,481,1960,8,17,2016,6,30,481,1960,8,17,2016,6,30,Gabon,266,GA,GAB
Namibia,828714.948494000011,Windhoek,17.0836100,-22.6000000,173,565,1990,3,21,2016,6,30,565,1990,3,21,2016,6,30,Namibia,516,NA,NAM
New Zealand,268943.318871000025,Wellington,175.0000000,-41.3000000,174,920,1946,1,1,2016,6,30,920,1946,1,1,2016,6,30,New Zealand,554,NZ,NZL
Madagascar,596098.591457000002,Antananarivo,47.5166700,-18.9000000,175,580,1960,6,20,2016,6,30,580,1960,6,26,2016,6,30,Madagascar,450,MG,MDG
Mauritius,2155.897138570000,Port Louis,57.4988900,-20.2000000,176,590,1968,3,12,2016,6,30,590,1968,3,12,2016,6,30,Mauritius,480,MU,MUS
Seychelles,380.172711433000,Victoria,55.4500000,-4.6166670,177,591,1976,6,29,2016,6,30,591,1976,6,29,2016,6,30,Seychelles,690,SC,SYC
Indonesia,1478049.028329999885,Jakarta,107.0000000,-6.1744440,178,850,1949,12,27,1963,4,30,850,1946,1,1,1963,4,30,,0,,
Timor Leste,15138.824025700000,Dili,126.0000000,-8.5586110,179,860,2002,9,27,2016,6,30,860,2002,5,20,2016,6,30,Timor-Leste,626,TL,TLS
Australia,7718924.696899999864,Canberra,149.0000000,-35.3000000,180,900,1946,1,1,2016,6,30,900,1946,1,1,2016,6,30,Australia,36,AU,AUS
Nauru,27.344460699100,Yaren,167.0000000,-0.5434250,181,970,1999,9,14,2016,6,30,971,1968,12,31,2016,6,30,Nauru,520,NR,NRU
Papua New Guinea,465827.907821999979,Port Moresby,147.0000000,-9.4647230,182,910,1975,9,16,2016,6,30,910,1975,9,16,2016,6,30,Papua New Guinea,598,PG,PNG
Solomon Is.,27157.469054500001,Honiara,160.0000000,-9.4333330,183,940,1978,7,7,2016,6,30,940,1978,7,7,2016,6,30,Solomon Islands,90,SB,SLB
Tuvalu,29.211666258700,Funafuti,179.0000000,-8.5166660,184,947,2000,9,5,2016,6,30,973,1978,10,1,2016,6,30,Tuvalu,798,TV,TUV
Vanuatu,12335.117670400001,Port-Vila,168.0000000,-17.7000000,185,935,1981,9,15,2016,6,30,935,1980,6,30,2016,6,30,Vanuatu,548,VU,VUT
Canada,9923995.405150000006,Ottawa,-75.7000000,45.4208300,186,20,1948,7,1,2016,6,30,20,1948,7,1,2016,6,30,Canada,124,CA,CAN
Germany,356448.186122999992,Berlin,13.4000000,52.5166700,187,255,1990,10,3,2016,6,30,260,1990,10,3,2016,6,30,Germany,276,DE,DEU
Germany Federal Republic,247366.383709999995,Bonn,7.1000000,50.7333300,188,260,1955,5,5,1990,10,2,260,1949,9,21,1990,10,2,"Germany, Federal Republic of",280,DE,DEU
Germany Democratic Republic,109081.236269000001,Berlin,13.4000000,52.5166700,189,265,1954,3,25,1990,10,2,265,1949,10,5,1990,10,2,German Democratic Republic,278,DD,DDR
Czechoslovakia,127553.131842000003,Prague,14.4666700,50.0833300,190,315,1946,1,1,1992,12,31,315,1946,1,1,1992,12,31,Czechoslovakia,200,CS,CSK
Yugoslavia,255286.979076999996,Belgrade,20.4680600,44.8186100,191,345,1946,1,1,1992,1,14,345,1946,1,1,1991,11,19,"Yugoslavia, Socialist Federal Republic of",890,YU,YUG
USSR,22008906.472500000149,Moscow,37.6155500,55.7522200,192,365,1946,1,1,1991,9,5,365,1946,1,1,1991,8,24,Union of Soviet Socialist Republics,810,SU,SUN
Zanzibar,2632.472946640000,Zanzibar City,39.1833300,-6.1666670,194,511,1963,12,19,1964,4,26,511,1963,12,19,1964,4,26,,0,,
Ethiopia,1256378.696280000033,Addis Ababa,38.7000000,9.0333330,195,530,1946,1,1,1993,5,22,530,1946,1,1,1993,5,23,Ethiopia,230,ET,ETH
South Africa,2053300.745889999904,Pretoria,28.2294400,-25.7000000,196,560,1946,1,1,1990,2,28,560,1946,1,1,1990,3,20,South Africa,710,ZA,ZAF
Egypt,1002473.978439999977,Cairo,31.2500000,30.0500000,197,651,1961,9,1,1967,5,31,-1,-1,-1,-1,-1,-1,-1,,0,,
Syria,188436.319944999996,Damascus,36.3000000,33.5000000,198,652,1961,9,29,1967,5,31,-1,-1,-1,-1,-1,-1,-1,,0,,
Egypt (United Arab Republic),1190910.298380000051,Cairo,31.2500000,30.0500000,199,651,1958,2,1,1961,8,31,-1,-1,-1,-1,-1,-1,-1,,0,,
Yemen Arab Republic,137077.141407999996,Sana'a,44.1833300,15.2833300,200,678,1946,1,1,1990,5,21,678,1946,1,1,1990,5,21,Yemen,886,YE,YEM
Yemen People's Republic,289055.344350000028,Aden,45.0366700,12.7794400,201,680,1967,11,30,1990,5,21,680,1967,11,30,1990,5,21,Democratic Yemen,720,YD,YMD
Taiwan,36184.053563399997,Taipei,122.0000000,25.0391700,202,713,1949,12,8,2016,6,30,713,1949,12,8,2016,6,30,"Taiwan, Province of China",158,TW,TWN
China,9388505.692870000377,Beijing,116.0000000,39.9288900,203,710,1949,12,8,2016,6,30,710,1949,12,8,2016,6,30,China,156,CN,CHN
Pakistan,1017998.225270000054,Islamabad,73.1666600,33.7000000,204,770,1949,1,1,1971,12,15,770,1949,1,1,1971,12,15,,0,,
Republic of Vietnam,170073.211146999995,Saigon,107.0000000,10.7500000,205,817,1954,6,4,1975,4,30,817,1954,5,1,1975,4,30,Republic of Viet Nam,714,VN,VNM
Vietnam,155964.801919999998,Hanoi,106.0000000,21.0333300,206,816,1954,7,21,1975,4,30,816,1954,5,1,1975,4,30,Democratic Republic of Viet-Nam,704,VD,VDR
Malaysia,331246.371801999980,Kuala Lumpur,102.0000000,3.1666670,207,820,1963,10,1,1965,7,31,820,1963,10,1,1965,7,31,,0,,
Malaysia,132392.827232999989,Kuala Lumpur,102.0000000,3.1666670,208,820,1957,8,31,1963,9,30,820,1957,8,31,1963,9,30,,0,,
Malaysia,330691.511322000006,Kuala Lumpur,102.0000000,3.1666670,209,820,1965,8,1,2016,6,30,820,1965,8,1,2016,6,30,Malaysia,458,MY,MYS
Singapore,554.860480541000,Singapore City,104.0000000,1.2930560,210,830,1965,8,9,2016,6,30,830,1965,8,9,2016,6,30,Singapore,702,SG,SGP
Indonesia,1890541.851490000030,Jakarta,107.0000000,-6.1744440,211,850,1963,5,1,1976,6,30,850,1963,5,1,1976,6,30,Indonesia,360,ID,IDN
Indonesia,1905680.675520000048,Jakarta,107.0000000,-6.1744440,212,850,1976,7,1,2002,9,26,850,1976,7,1,2002,5,19,Indonesia,360,ID,IDN
Indonesia,1890541.851490000030,Jakarta,107.0000000,-6.1744440,213,850,2002,9,27,2016,6,30,850,2002,5,20,2016,6,30,Indonesia,360,ID,IDN
Mali Federation,1456367.074470000109,Dakar,-17.5000000,14.7088900,214,432,1960,6,20,1960,8,19,-1,-1,-1,-1,-1,-1,-1,,0,,
Cameroon,425857.301368999993,Yaounde,11.5166700,3.8666670,215,471,1960,1,1,1961,9,30,471,1960,1,1,1961,9,30,,0,,
Nigeria,867986.036104000057,Abuja,7.5333330,9.0833330,216,475,1960,10,1,1961,5,31,475,1960,10,1,1961,5,31,,0,,
Libya,1741136.624850000022,Tripoli,13.1800000,32.8925000,217,620,1973,1,1,2016,6,30,620,1973,1,1,2016,6,30,Libyan Arab Jamahiriya,434,LY,LBY
Chad,1161920.147630000021,N'Djamena,15.2166700,11.7166700,218,483,1973,1,1,2016,6,30,483,1973,1,1,2016,6,30,Chad,148,TD,TCD
Morocco,404454.140455999994,Rabat,-6.8300000,34.0200000,219,600,1958,4,1,1976,3,31,600,1958,4,1,1976,3,31,Morocco,504,MA,MAR
Morocco,576351.801160000032,Rabat,-6.8300000,34.0200000,220,600,1976,4,1,1979,8,4,600,1976,4,1,1979,8,4,Morocco,504,MA,MAR
Mauritania,1142045.832910000114,Nouakchott,-16.0000000,18.1194400,221,435,1976,4,1,1979,8,4,435,1976,4,1,1979,8,4,Mauritania,478,MR,MRT
Israel,28159.600543199998,Jerusalem,35.2236100,31.7791700,222,666,1979,5,1,2016,6,30,666,1979,5,1,2016,6,30,Israel,376,IL,ISR
Israel,88932.215122800000,Jerusalem,35.2236100,31.7791700,223,666,1967,6,1,1979,4,30,666,1967,6,1,1979,4,30,Israel,376,IL,ISR
Syria,187318.011220999993,Damascus,36.3000000,33.5000000,224,652,1967,6,1,2016,6,30,652,1967,6,1,2016,6,30,Syrian Arab Republic,760,SY,SYR
Egypt,941702.026032999973,Cairo,31.2500000,30.0500000,225,651,1967,6,1,1979,4,30,651,1967,6,1,1979,4,30,Egypt,818,EG,EGY
Egypt,1002473.978439999977,Cairo,31.2500000,30.0500000,226,651,1979,5,1,2016,6,30,651,1979,5,1,2016,6,30,Egypt,818,EG,EGY
India,3166803.188579999842,New Delhi,77.2000000,28.6000000,227,750,1949,1,1,2016,6,30,750,1949,1,1,2016,6,30,India,356,IN,IND
Pakistan,936135.398003999959,Islamabad,73.1666600,33.7000000,228,770,1947,8,14,1948,12,31,770,1947,8,14,1948,12,31,,0,,
India,3060680.755940000061,New Delhi,77.2000000,28.6000000,229,750,1947,8,15,1948,12,31,750,1947,8,15,1948,12,31,,0,,
Yugoslavia,178982.251351999992,Belgrade,20.4680600,44.8186100,230,345,1992,1,15,1992,4,6,-1,-1,-1,-1,-1,-1,-1,"Yugoslavia, Socialist Federal Republic of",890,YU,YUG
Serbia and Montenegro,101961.083314000003,Belgrade,20.4680600,44.8186100,231,345,1993,4,8,2006,6,11,345,1992,4,27,2006,6,2,Serbia and Montenegro,891,CS,SCG
USSR,21833788.144099999219,Moscow,37.6155500,55.7522200,232,365,1991,9,6,1991,12,25,-1,-1,-1,-1,-1,-1,-1,Union of Soviet Socialist Republics,810,SU,SUN
Yugoslavia,127444.276526000001,Belgrade,20.4680600,44.8186100,233,345,1992,4,7,1993,4,7,-1,-1,-1,-1,-1,-1,-1,"Yugoslavia, Socialist Federal Republic of",890,YU,YUG
Serbia,87939.187504300004,Belgrade,20.4680600,44.8186100,234,345,2006,6,12,2008,2,19,340,2006,6,3,2008,2,16,Serbia,688,RS,SRB
Montenegro,14021.895954400001,Podgorica,19.2636100,42.4411100,235,341,2006,6,12,2016,6,30,341,2006,6,3,2016,6,30,Montenegro,499,ME,MNE
Kosovo,10737.527503400001,Pristina,21.1666700,42.6666700,236,347,2008,2,20,2016,6,30,347,2008,2,17,2016,6,30,,0,,
Serbia,77201.660150500000,Belgrade,20.4680600,44.8186100,237,345,2008,2,20,2016,6,30,340,2008,2,17,2016,6,30,Serbia,688,RS,SRB
United States,9468306.220160000026,Washington,-77.0000000,38.8950000,238,2,1946,1,1,2016,6,30,2,1946,1,1,2016,6,30,United States,840,US,USA
Uganda,243702.806282000005,Kampala,32.5655600,0.3155556,59,500,1962,10,9,2016,6,30,500,1962,10,9,2016,6,30,Uganda,800,UG,UGA
Tanzania,947555.660282999976,Dar es Salaam,39.2833300,-6.8000000,159,510,1964,4,1,1996,1,31,510,1964,4,1,1996,1,31,"Tanzania, United Republic of",834,TZ,TZA
Kenya,585730.013409000007,Nairobi,36.8166700,-1.2833330,157,501,1963,12,12,2016,6,30,501,1963,12,12,2016,6,30,Kenya,404,KE,KEN
Tanzania,944923.187336000032,Dar es Salaam,39.2833300,-6.8000000,193,510,1961,12,9,1964,3,31,510,1961,12,9,1964,3,31,,0,,
Saudi Arabia,1963227.284059999976,Riyadh,46.7727800,24.6408300,239,670,1946,1,1,2000,6,11,670,1946,1,1,2000,6,11,Saudi Arabia,682,SA,SAU
Yemen,426132.485756999988,Sana'a,44.1833300,15.2833300,240,679,1990,5,22,2000,6,11,678,1990,5,22,2000,6,11,Yemen,887,YE,YEM
Brazil,8523619.571450000629,Rio de Janeiro,-43.2000000,-22.9000000,241,140,1946,1,1,1960,4,20,140,1946,1,1,1960,4,20,,0,,
Tanzania,947555.660282999976,Dodoma,35.7419000,-6.1730000,242,510,1996,2,1,2016,6,30,510,1996,2,1,2016,6,30,"Tanzania, United Republic of",834,TZ,TZA
Morocco,674614.242720999988,Rabat,-6.8300000,34.0200000,243,600,1979,8,5,2016,6,30,600,1979,8,5,2016,6,30,Morocco,504,MA,MAR
Mauritania,1043783.427469999995,Nouakchott,-16.0000000,18.1194400,244,435,1979,8,5,2016,6,30,435,1979,8,5,2016,6,30,Mauritania,478,MR,MRT
Sudan,1870245.089889999945,Khartoum,32.5341700,15.5880600,245,625,2011,7,9,2016,6,30,625,2011,7,9,2016,6,30,Sudan,729,SD,SDN
South Sudan,631411.105296000023,Juba,31.6000000,4.8500000,246,626,2011,7,9,2016,6,30,626,2011,7,9,2016,6,30,South Sudan,728,SS,SSD
Yugoslavia,229803.785868000006,Belgrade,20.4680600,44.8186100,247,-1,-1,-1,-1,-1,-1,-1,345,1991,11,20,1992,4,26,"Yugoslavia, Socialist Federal Republic of",890,YU,YUG
USSR,21801590.580400001258,Moscow,37.6155500,55.7522200,249,-1,-1,-1,-1,-1,-1,-1,365,1991,8,25,1991,8,26,Union of Soviet Socialist Republics,810,SU,SUN
USSR,21767919.710299998522,Moscow,37.6155500,55.7522200,250,-1,-1,-1,-1,-1,-1,-1,365,1991,8,27,1991,8,30,Union of Soviet Socialist Republics,810,SU,SUN
USSR,21121216.110599998385,Moscow,37.6155500,55.7522200,251,-1,-1,-1,-1,-1,-1,-1,365,1991,8,31,1991,9,5,Union of Soviet Socialist Republics,810,SU,SUN
USSR,20876093.177600000054,Moscow,37.6155500,55.7522200,252,-1,-1,-1,-1,-1,-1,-1,365,1991,9,6,1991,9,8,Union of Soviet Socialist Republics,810,SU,SUN
USSR,20733449.337999999523,Moscow,37.6155500,55.7522200,253,-1,-1,-1,-1,-1,-1,-1,365,1991,9,9,1991,10,26,Union of Soviet Socialist Republics,810,SU,SUN
USSR,20261112.163300000131,Moscow,37.6155500,55.7522200,254,-1,-1,-1,-1,-1,-1,-1,365,1991,10,27,1991,11,30,Union of Soviet Socialist Republics,810,SU,SUN
USSR,19664153.454300001264,Moscow,37.6155500,55.7522200,255,-1,-1,-1,-1,-1,-1,-1,365,1991,12,1,1991,12,15,Union of Soviet Socialist Republics,810,SU,SUN
USSR,16942946.375199999660,Moscow,37.6155500,55.7522200,256,-1,-1,-1,-1,-1,-1,-1,365,1991,12,16,1991,12,20,Union of Soviet Socialist Republics,810,SU,SUN
