DispNum3,DispNum4,StDay,StMon,StYear,EndDay,EndMon,EndYear,Outcome,Settle,Fatality,FatalPre,MaxDur,MinDur,HiAct,HostLev,Recip,NumA,NumB,Link1,Link2,Link3,Ongo2010,Version
4,-9,15,5,1946,13,11,1946,5,3,2,-9,183,183,16,4,1,1,1,0,0,0,0,4.01
7,-9,13,10,1951,26,1,1952,1,3,2,-9,106,106,17,4,1,1,1,0,0,0,0,4.01
26,-9,21,3,1948,25,7,1949,5,3,0,0,492,492,16,4,1,1,3,0,0,0,0,4.01
27,-9,25,7,1961,28,10,1961,5,3,0,0,96,96,17,4,1,4,4,0,0,0,0,4.01
28,-9,19,7,1961,5,9,1961,6,1,3,-9,49,49,17,4,1,1,1,0,0,0,0,4.01
50,-9,11,2,1953,19,1,1956,5,3,2,-9,1073,1073,17,4,1,3,2,0,0,0,0,4.01
51,-9,24,6,1950,27,7,1953,5,1,6,-9,1130,1130,20,5,1,2,15,0,0,0,0,4.01
53,-9,22,8,1956,23,8,1956,5,3,0,0,2,2,16,4,1,1,1,0,0,0,0,4.01
61,-9,28,1,1962,12,12,1962,4,1,0,0,319,319,16,4,1,1,2,0,0,0,0,4.01
92,-9,18,2,1964,29,2,1964,1,2,2,-9,12,12,17,4,1,1,1,0,0,0,0,4.01
122,-9,25,6,1961,28,2,1962,5,3,0,0,249,249,16,4,1,1,8,0,0,0,0,4.01
125,-9,14,5,1958,24,10,1958,8,4,0,0,164,164,8,3,1,2,3,0,0,0,0,4.01
148,-9,22,4,1959,1,8,1960,5,3,1,-9,468,468,17,4,1,1,1,0,0,0,0,4.01
172,-9,7,1,1962,19,12,1962,5,3,-9,-9,347,347,16,4,1,1,2,0,0,0,0,4.01
173,-9,22,7,1958,19,12,1958,5,3,-9,-9,151,151,17,4,1,2,2,0,0,0,0,4.01
185,-9,17,10,1956,21,10,1956,2,1,0,0,5,5,16,4,1,1,1,0,0,0,0,4.01
199,-9,2,11,1961,21,11,1962,2,2,6,-9,385,385,20,5,1,1,1,0,0,0,0,4.01
200,-9,1,9,1955,6,11,1956,2,2,6,-9,433,433,20,5,1,2,4,0,0,0,0,4.01
203,-9,23,6,1959,31,10,1961,5,3,-9,-9,862,862,17,4,1,1,1,0,0,0,0,4.01
208,-9,10,3,1953,31,3,1953,5,3,1,-9,22,22,16,4,1,2,2,0,0,0,0,4.01
246,-9,22,4,1960,26,4,1961,5,3,0,0,370,370,16,4,1,2,1,0,0,0,0,4.01
251,-9,9,4,1965,9,4,1965,5,3,-9,-9,1,1,17,4,1,1,1,0,0,0,0,4.01
253,-9,1,5,1960,18,7,1960,7,1,0,0,79,79,16,4,1,5,1,0,0,0,0,4.01
259,-9,3,6,1956,6,9,1958,1,3,-9,-9,826,826,17,4,1,1,1,0,0,0,0,4.01
266,-9,8,2,1958,17,6,1958,6,1,0,0,130,130,16,4,1,1,1,0,0,0,0,4.01
343,-9,2,10,1966,7,6,1968,5,3,1,-9,615,615,17,4,1,1,1,0,0,0,0,4.01
345,-9,23,5,1967,19,6,1967,5,3,0,0,28,28,7,3,1,1,2,0,0,0,0,4.01
346,-9,23,4,1968,12,11,1968,1,2,0,0,204,204,14,4,0,5,1,0,0,0,0,4.01
347,-9,23,1,1968,22,12,1968,7,3,0,0,335,335,15,4,1,1,1,0,0,0,0,4.01
349,-9,2,3,1969,13,12,1969,5,3,3,-9,287,287,17,4,1,1,1,0,0,0,0,4.01
350,-9,14,2,1969,17,5,1969,7,3,0,0,93,93,15,4,0,1,1,0,0,0,0,4.01
352,-9,1,1,1969,7,11,1969,5,3,-9,-9,311,311,17,4,1,1,1,0,0,0,0,4.01
353,-9,6,10,1973,31,10,1973,5,1,0,0,26,26,8,3,1,2,3,0,0,0,0,4.01
354,-9,1,9,1972,8,11,1973,1,1,1,-9,434,434,16,4,1,1,1,0,0,0,0,4.01
355,-9,15,1,1974,20,1,1974,2,2,-9,-9,6,6,17,4,1,1,1,0,0,0,0,4.01
356,-9,12,5,1975,15,5,1975,7,2,-9,-9,4,4,16,4,1,1,1,0,0,0,0,4.01
358,-9,20,10,1975,20,10,1975,5,3,1,-9,1,1,17,4,1,1,1,0,0,0,0,4.01
360,-9,-9,10,1975,29,11,1975,6,1,0,0,60,30,7,3,1,1,1,0,0,0,0,4.01
361,-9,3,2,1976,3,2,1976,5,3,1,-9,1,1,17,4,1,1,1,0,0,0,0,4.01
362,-9,19,6,1976,31,8,1976,5,3,1,-9,74,74,17,4,1,1,2,0,0,0,0,4.01
363,-9,4,2,1976,11,2,1976,5,3,0,0,8,8,16,4,0,1,1,0,0,0,0,4.01
364,-9,14,3,1974,14,9,1974,7,3,0,0,185,185,15,4,0,1,1,0,0,0,0,4.01
365,-9,6,9,1976,-9,11,1976,5,3,0,0,86,57,7,3,1,1,1,0,0,0,0,4.01
601,-9,20,1,1972,20,1,1972,7,3,0,0,1,1,15,4,0,1,1,0,0,0,0,4.01
602,-9,12,11,1972,22,11,1972,7,1,0,0,11,11,15,4,0,1,1,0,0,0,0,4.01
603,-9,2,8,1946,3,8,1946,5,3,0,0,2,2,7,3,1,1,2,0,0,0,0,4.01
604,-9,-9,7,1949,9,9,1949,1,2,-9,-9,71,41,16,4,1,1,1,0,0,0,0,4.01
605,-9,30,7,1956,12,12,1956,6,1,-9,-9,136,136,17,4,1,1,1,0,0,0,0,4.01
606,-9,20,10,1956,14,11,1956,1,2,6,-9,26,26,20,5,1,1,1,0,0,0,0,4.01
607,-9,13,4,1957,19,11,1957,5,3,2,-9,221,221,17,4,1,3,4,0,0,0,0,4.01
608,-9,7,11,1958,23,6,1959,5,3,0,0,229,229,15,4,1,1,3,0,0,0,0,4.01
610,-9,22,10,1962,30,6,1965,5,3,-9,-9,983,983,16,4,1,1,1,0,0,0,0,4.01
611,-9,23,2,1964,30,4,1975,2,2,6,-9,4085,4085,20,5,1,8,3,0,0,0,0,4.01
619,-9,15,11,1975,1,6,1976,1,1,0,0,200,200,16,4,1,1,1,0,0,0,0,4.01
623,-9,-9,7,1965,28,11,1966,5,3,3,-9,516,486,16,4,1,1,1,0,0,0,0,4.01
624,-9,-9,4,1963,-9,4,1963,5,3,0,0,30,1,8,3,1,1,1,0,0,0,0,4.01
633,-9,1,10,1949,7,8,1950,5,3,1,-9,311,311,16,4,1,2,1,0,0,0,0,4.01
634,-9,1,10,1949,24,1,1950,7,3,0,0,116,116,15,4,0,1,1,0,0,0,0,4.01
1002,-9,26,4,1963,3,6,1963,5,3,0,0,39,39,16,4,1,1,4,0,0,0,0,4.01
1006,-9,20,4,1950,4,8,1955,5,1,3,-9,1933,1933,17,4,1,1,1,0,0,0,0,4.01
1008,-9,17,10,1955,26,10,1956,5,3,3,-9,376,376,17,4,1,1,2,0,0,0,0,4.01
1013,-9,12,1,1957,7,11,1957,5,3,0,0,300,300,16,4,0,1,1,0,0,0,0,4.01
1017,-9,28,10,1965,28,10,1965,5,3,0,0,1,1,16,4,0,1,1,0,0,0,0,4.01
1018,-9,14,6,1962,4,7,1962,5,3,1,-9,21,21,17,4,1,1,1,0,0,0,0,4.01
1019,-9,25,8,1963,29,10,1963,5,3,1,-9,66,66,17,4,1,1,1,0,0,0,0,4.01
1020,-9,24,1,1964,5,9,1965,5,3,1,-9,591,591,17,4,1,1,1,0,0,0,0,4.01
1021,-9,15,4,1960,15,8,1962,4,1,2,-9,853,853,16,4,1,1,1,0,0,0,0,4.01
1022,-9,18,12,1961,17,8,1962,1,1,-9,-9,243,243,17,4,1,1,1,0,0,0,0,4.01
1023,-9,16,8,1951,14,12,1951,5,3,0,0,121,121,15,4,0,1,1,0,0,0,0,4.01
1024,-9,7,11,1957,27,2,1959,5,3,0,0,478,478,15,4,1,1,1,0,0,0,0,4.01
1035,-9,16,12,1966,10,6,1967,2,2,6,-9,177,177,20,5,1,6,1,0,0,0,0,4.01
1039,-9,11,6,1970,26,9,1970,5,3,3,-9,108,108,17,4,1,3,4,0,0,0,0,4.01
1042,-9,-9,6,1948,-9,6,1948,8,4,-9,-9,30,1,17,4,1,1,1,0,0,0,0,4.01
1043,-9,21,2,1973,21,2,1973,5,3,0,0,1,1,16,4,0,1,1,0,0,0,0,4.01
1046,-9,18,10,1971,24,10,1973,5,1,6,-9,738,738,20,5,1,5,1,0,0,0,0,4.01
1051,-9,12,5,1968,15,6,1968,5,3,-9,-9,35,35,16,4,1,1,1,0,0,0,0,4.01
1061,-9,12,4,1974,5,12,1975,5,3,-9,-9,603,603,17,4,1,1,2,0,0,0,0,4.01
1062,-9,28,8,1953,20,12,1953,5,3,0,0,115,115,7,3,1,1,1,0,0,0,0,4.01
1067,-9,15,7,1967,7,8,1970,5,3,3,-9,1120,1120,17,4,1,1,1,0,0,0,0,4.01
1068,-9,15,8,1970,14,10,1970,7,3,0,0,61,61,15,4,0,1,1,0,0,0,0,4.01
1069,-9,23,7,1968,1,9,1968,7,1,0,0,41,41,15,4,0,1,1,0,0,0,0,4.01
1070,-9,11,2,1963,14,11,1965,5,3,4,-9,1008,1008,17,4,1,1,3,0,0,0,0,4.01
1072,-9,4,4,1968,13,12,1968,5,3,-9,-9,254,254,8,3,1,1,1,0,0,0,0,4.01
1073,-9,7,8,1954,8,6,1955,5,3,0,0,306,306,8,3,1,1,1,0,0,0,0,4.01
1074,-9,17,8,1961,19,12,1961,2,2,2,-9,125,125,17,4,1,1,1,0,0,0,0,4.01
1077,-9,22,9,1947,10,11,1947,1,2,0,0,50,50,7,3,1,1,1,0,0,0,0,4.01
1079,-9,13,3,1951,14,8,1951,5,3,1,-9,155,155,17,4,1,1,1,0,0,0,0,4.01
1081,-9,20,7,1971,13,8,1971,5,3,-9,-9,25,25,17,4,1,1,1,0,0,0,0,4.01
1083,-9,2,7,1962,19,10,1962,5,3,3,-9,110,110,17,4,1,1,1,0,0,0,0,4.01
1084,-9,30,9,1963,4,11,1963,5,3,3,-9,36,36,17,4,1,1,1,0,0,0,0,4.01
1091,-9,1,2,1958,25,2,1958,5,3,0,0,25,25,15,4,1,1,1,0,0,0,0,4.01
1097,-9,-9,7,1952,-9,9,1952,3,3,0,0,92,33,14,4,0,1,1,0,0,0,0,4.01
1098,-9,4,8,1955,-9,9,1955,3,3,0,0,58,29,14,4,0,1,1,0,0,0,0,4.01
1099,-9,-9,4,1958,19,8,1958,5,3,0,0,141,112,16,4,1,1,1,0,0,0,0,4.01
1100,-9,16,8,1959,29,9,1959,5,3,0,0,45,45,7,3,0,1,1,0,0,0,0,4.01
1101,-9,24,3,1960,24,3,1960,5,3,0,0,1,1,12,3,0,1,1,0,0,0,0,4.01
1102,-9,17,9,1963,17,9,1963,5,1,0,0,1,1,7,3,0,1,1,0,0,0,0,4.01
1104,-9,6,5,1972,25,5,1972,5,3,-9,-9,20,20,16,4,1,1,1,0,0,0,0,4.01
1105,-9,18,11,1973,18,11,1973,5,3,-9,-9,1,1,16,4,0,1,1,0,0,0,0,4.01
1106,-9,-9,11,1975,11,3,1976,3,1,-9,-9,132,103,17,4,1,1,1,0,0,0,0,4.01
1107,-9,25,10,1971,28,10,1972,6,1,-9,-9,370,370,16,4,1,1,1,0,0,0,0,4.01
1108,-9,1,10,1962,22,12,1963,5,1,-9,-9,448,448,17,4,1,3,2,0,0,0,0,4.01
1109,-9,1,5,1966,14,5,1967,5,3,0,0,379,379,16,4,0,2,1,0,0,0,0,4.01
1110,-9,26,11,1969,12,12,1969,5,4,1,-9,17,17,16,4,1,1,1,0,0,0,0,4.01
1112,-9,25,9,1949,-9,1,1950,5,1,0,0,129,99,12,3,0,1,1,0,0,0,0,4.01
1114,-9,23,6,1959,24,7,1959,5,3,0,0,32,32,7,3,1,2,1,0,0,0,0,4.01
1115,-9,8,5,1967,8,5,1967,5,3,1,-9,1,1,17,4,1,1,1,0,0,0,0,4.01
1117,-9,23,11,1957,24,2,1958,5,3,0,0,94,94,17,4,1,1,1,0,0,0,0,4.01
1118,-9,1,1,1972,30,6,1972,5,3,-9,-9,182,182,15,4,1,1,1,0,0,0,0,4.01
1119,-9,1,1,1973,2,1,1974,6,1,-9,-9,367,367,17,4,1,1,1,0,0,0,0,4.01
1123,-9,9,7,1962,19,8,1962,5,3,1,-9,42,42,16,4,1,1,1,0,0,0,0,4.01
1124,-9,29,12,1958,29,1,1959,5,3,1,-9,32,32,16,4,1,1,2,0,0,0,0,4.01
1134,-9,13,8,1974,13,3,1975,6,3,3,-9,213,213,17,4,1,1,1,0,0,0,0,4.01
1135,-9,30,11,1971,3,6,1972,5,3,1,-9,187,187,17,4,1,1,1,0,0,0,0,4.01
1136,-9,6,4,1969,13,6,1969,5,3,0,0,69,69,16,4,1,1,1,0,0,0,0,4.01
1138,-9,22,9,1959,21,1,1960,5,3,1,-9,122,122,16,4,1,1,1,0,0,0,0,4.01
1155,-9,11,8,1951,15,8,1951,5,3,1,-9,5,5,17,4,1,1,1,0,0,0,0,4.01
1156,-9,24,1,1954,-9,10,1954,5,3,0,0,281,251,15,4,1,1,1,0,0,0,0,4.01
1157,-9,-9,8,1955,27,9,1955,5,3,0,0,58,28,12,3,1,1,1,0,0,0,0,4.01
1158,-9,11,1,1971,16,1,1971,7,1,0,0,6,6,15,4,0,1,1,0,0,0,0,4.01
1166,-9,14,10,1966,14,4,1967,6,1,0,0,183,183,14,4,0,1,1,0,0,0,0,4.01
1172,-9,28,1,1969,28,7,1969,5,3,0,0,182,182,14,4,0,1,1,0,0,0,0,4.01
1173,-9,19,4,1957,23,6,1957,6,1,0,0,66,66,17,4,1,1,1,0,0,0,0,4.01
1187,-9,22,3,1962,-9,4,1962,3,3,0,0,40,11,7,3,1,1,1,0,0,0,0,4.01
1189,-9,-9,11,1975,-9,7,1976,5,3,0,0,274,215,12,3,0,1,1,0,0,0,0,4.01
1190,-9,13,7,1976,12,8,1976,6,1,0,0,31,31,17,4,1,1,1,0,0,0,0,4.01
1191,-9,11,9,1976,11,9,1976,5,3,-9,-9,1,1,17,4,1,1,1,0,0,0,0,4.01
1193,-9,-9,4,1954,24,2,1955,6,1,0,0,330,301,17,4,1,1,2,0,0,0,0,4.01
1200,-9,10,2,1973,10,2,1973,5,3,0,0,1,1,15,4,0,1,1,0,0,0,0,4.01
1206,-9,24,6,1969,18,7,1969,5,1,6,-9,25,25,20,5,1,1,1,0,0,0,0,4.01
1208,-9,26,12,1959,28,12,1959,5,3,1,-9,3,3,17,4,1,1,1,0,0,0,0,4.01
1209,-9,15,5,1962,15,5,1962,5,3,1,-9,1,1,17,4,1,1,1,0,0,0,0,4.01
1213,-9,19,3,1964,28,4,1965,5,3,-9,-9,406,406,17,4,1,2,1,0,0,0,0,4.01
1214,-9,-9,2,1956,-9,2,1956,5,3,0,0,29,1,16,4,0,1,1,0,0,0,0,4.01
1215,-9,30,5,1958,1,7,1958,5,3,-9,-9,33,33,16,4,1,1,1,0,0,0,0,4.01
1216,-9,26,12,1965,2,8,1966,5,3,0,0,220,220,16,4,1,2,3,0,0,0,0,4.01
1217,-9,5,2,1967,24,2,1967,5,3,-9,-9,20,20,17,4,1,3,1,0,0,0,0,4.01
1225,-9,-9,11,1953,-9,5,1954,1,2,0,0,212,153,14,4,0,1,1,0,0,0,0,4.01
1226,-9,5,8,1958,9,2,1959,5,3,0,0,189,189,15,4,1,1,1,0,0,0,0,4.01
1227,-9,18,6,1961,28,12,1961,5,3,0,0,194,194,8,3,1,1,1,0,0,0,0,4.01
1228,-9,15,6,1962,17,11,1962,5,3,1,-9,156,156,17,4,1,1,1,0,0,0,0,4.01
1229,-9,14,4,1964,1,10,1966,4,1,3,-9,901,901,17,4,1,1,1,0,0,0,0,4.01
1230,-9,22,6,1967,20,7,1967,5,3,0,0,29,29,14,4,0,1,1,0,0,0,0,4.01
1231,-9,29,5,1975,20,2,1976,5,3,2,-9,268,268,17,4,1,1,1,0,0,0,0,4.01
1232,-9,2,8,1976,30,6,1987,5,1,5,-9,3985,3985,17,4,1,1,2,0,0,0,0,4.01
1238,-9,26,9,1947,1,1,1949,6,1,6,-9,464,464,20,5,1,1,1,0,0,0,0,4.01
1278,-9,-9,1,1958,-9,1,1958,5,3,0,0,31,1,1,2,0,1,1,0,0,0,0,4.01
1279,-9,25,12,1963,10,8,1964,5,1,2,-9,230,230,17,4,1,1,1,0,0,0,0,4.01
1280,-9,16,11,1967,1,12,1967,6,1,0,0,16,16,7,3,0,1,2,0,0,0,0,4.01
1284,-9,1,8,1948,13,8,1948,5,3,2,-9,13,13,16,4,1,1,1,0,0,0,0,4.01
1285,-9,8,8,1949,13,8,1949,5,3,2,-9,6,6,16,4,1,1,1,0,0,0,0,4.01
1286,-9,13,8,1949,24,11,1951,5,1,2,-9,834,834,16,4,1,4,2,0,0,0,0,4.01
1289,-9,3,6,1976,1,9,1976,5,3,0,0,91,91,8,3,1,1,1,0,0,0,0,4.01
1290,-9,8,1,1975,8,1,1975,5,3,0,0,1,1,1,2,0,1,1,0,0,0,0,4.01
1292,-9,29,3,1974,29,5,1974,5,3,0,0,62,62,8,3,1,1,1,0,0,0,0,4.01
1293,-9,15,7,1974,16,8,1974,1,2,6,-9,33,33,20,5,1,1,2,0,0,0,0,4.01
1295,-9,26,7,1952,13,8,1952,2,2,1,-9,19,19,17,4,1,1,1,0,0,0,0,4.01
1300,-9,7,5,1955,12,7,1955,5,3,1,-9,67,67,17,4,1,1,1,0,0,0,0,4.01
1301,-9,17,2,1956,26,3,1956,5,3,1,-9,39,39,17,4,1,1,1,0,0,0,0,4.01
1302,-9,11,3,1958,26,8,1958,6,1,2,-9,169,169,17,4,1,1,1,0,0,0,0,4.01
1303,-9,23,9,1960,-9,10,1960,5,3,0,0,39,9,17,4,1,1,1,0,0,0,0,4.01
1304,-9,19,5,1961,3,9,1961,5,3,3,-9,108,108,17,4,1,1,1,0,0,0,0,4.01
1305,-9,29,3,1955,4,5,1955,5,1,0,0,37,37,10,3,1,1,1,0,0,0,0,4.01
1306,-9,17,6,1950,5,10,1950,5,3,3,-9,111,111,17,4,1,1,1,0,0,0,0,4.01
1307,-9,-9,3,1949,-9,6,1949,5,3,0,0,122,63,16,4,1,1,1,0,0,0,0,4.01
1308,-9,23,2,1950,13,6,1950,5,3,2,-9,111,111,17,4,1,1,1,0,0,0,0,4.01
1309,-9,8,6,1961,19,7,1961,5,3,0,0,42,42,1,2,0,1,1,0,0,0,0,4.01
1310,-9,18,9,1962,4,11,1962,5,3,1,-9,48,48,17,4,1,1,1,0,0,0,0,4.01
1312,-9,5,3,1965,23,9,1965,5,1,6,-9,203,203,20,5,1,1,1,0,0,0,0,4.01
1315,-9,23,9,1965,25,1,1966,5,1,3,-9,125,125,17,4,1,1,1,0,0,0,0,4.01
1316,-9,-9,8,1964,5,8,1965,5,3,3,-9,370,340,17,4,1,1,1,0,0,0,0,4.01
1317,-9,-9,7,1963,-9,8,1963,6,1,0,0,62,2,14,4,0,1,1,0,0,0,0,4.01
1319,-9,15,2,1965,17,3,1965,5,3,-9,-9,31,31,17,4,1,1,1,0,0,0,0,4.01
1321,-9,5,7,1960,2,9,1960,3,1,-9,-9,60,60,17,4,1,1,1,0,0,0,0,4.01
1322,-9,8,8,1966,17,9,1966,6,1,0,0,41,41,16,4,1,1,1,0,0,0,0,4.01
1323,-9,1,1,1969,3,2,1969,6,1,0,0,34,34,13,4,0,1,1,0,0,0,0,4.01
1324,-9,17,10,1966,17,10,1966,5,3,0,0,1,1,1,2,0,3,1,0,0,0,0,4.01
1325,-9,10,7,1969,16,6,1970,6,1,0,0,342,342,16,4,1,1,1,0,0,0,0,4.01
1326,-9,9,6,1969,-9,7,1969,7,4,0,0,53,23,15,4,0,1,1,0,0,0,0,4.01
1328,-9,-9,1,1965,-9,1,1965,5,3,0,0,31,1,7,3,0,1,1,0,0,0,0,4.01
1329,-9,15,8,1963,15,8,1963,5,3,0,0,1,1,1,2,0,1,1,0,0,0,0,4.01
1331,-9,27,10,1975,27,10,1975,5,3,0,0,1,1,7,3,1,1,3,0,0,0,0,4.01
1332,-9,1,11,1967,1,11,1967,5,3,-9,-9,1,1,17,4,1,1,1,0,0,0,0,4.01
1333,-9,6,8,1976,-9,2,1978,5,3,1,-9,572,545,17,4,1,1,1,0,0,0,0,4.01
1334,-9,11,10,1975,19,10,1975,5,3,0,0,9,9,16,4,0,1,1,0,0,0,0,4.01
1335,-9,-9,3,1969,-9,9,1969,5,3,0,0,214,155,13,4,0,1,1,0,0,0,0,4.01
1337,-9,9,9,1976,9,3,1977,5,3,0,0,182,182,14,4,0,1,1,0,0,0,0,4.01
1339,-9,16,11,1976,16,11,1976,5,3,0,0,1,1,16,4,0,1,1,0,0,0,0,4.01
1340,-9,-9,6,1972,18,9,1972,6,1,0,0,110,81,16,4,1,1,1,0,0,0,0,4.01
1342,-9,4,5,1973,4,5,1973,5,3,0,0,1,1,17,4,1,1,1,0,0,0,0,4.01
1343,-9,9,10,1967,10,10,1967,5,3,1,-9,2,2,17,4,1,1,1,0,0,0,0,4.01
1344,-9,3,2,1953,27,2,1954,5,3,0,0,390,390,16,4,1,1,1,0,0,0,0,4.01
1345,-9,30,7,1954,30,7,1954,5,3,0,0,1,1,14,4,0,1,1,0,0,0,0,4.01
1346,-9,3,8,1955,3,12,1955,5,3,0,0,123,123,15,4,0,1,1,0,0,0,0,4.01
1347,-9,1,1,1958,5,2,1959,5,3,0,0,401,401,15,4,0,1,1,0,0,0,0,4.01
1349,-9,13,1,1961,13,1,1961,5,3,0,0,1,1,15,4,0,1,1,0,0,0,0,4.01
1350,-9,5,12,1958,5,1,1960,5,3,-9,-9,397,397,16,4,1,1,1,0,0,0,0,4.01
1351,-9,16,3,1966,25,4,1966,3,3,1,-9,41,41,17,4,1,1,2,0,0,0,0,4.01
1352,-9,17,2,1967,25,9,1967,6,1,0,0,221,221,15,4,1,1,1,0,0,0,0,4.01
1353,-9,6,1,1962,15,2,1973,6,1,-9,-9,4059,4059,17,4,1,3,6,0,0,0,0,4.01
1360,-9,28,3,1969,16,10,1969,5,3,0,0,203,203,17,4,1,1,1,0,0,0,0,4.01
1361,-9,22,1,1964,26,1,1964,5,3,0,0,5,5,16,4,0,1,1,0,0,0,0,4.01
1362,-9,15,3,1973,29,6,1973,5,3,0,0,107,107,16,4,0,1,2,0,0,0,0,4.01
1363,-9,16,12,1960,20,4,1961,5,1,-9,-9,126,126,17,4,1,3,3,0,0,0,0,4.01
1364,-9,14,4,1972,14,4,1972,5,3,-9,-9,1,1,17,4,1,1,1,0,0,0,0,4.01
1366,-9,15,5,1965,26,5,1965,7,1,0,0,12,12,15,4,0,1,1,0,0,0,0,4.01
1367,-9,13,2,1973,13,2,1973,5,3,0,0,1,1,16,4,0,1,1,0,0,0,0,4.01
1368,-9,18,2,1976,27,8,1976,5,3,-9,-9,192,192,17,4,1,1,1,0,0,0,0,4.01
1369,-9,29,8,1959,29,8,1959,5,3,0,0,1,1,16,4,0,1,1,0,0,0,0,4.01
1374,-9,-9,1,1950,23,5,1953,5,3,4,-9,1239,1209,17,4,1,1,1,0,0,0,0,4.01
1376,-9,7,7,1975,16,11,1975,6,1,-9,-9,133,133,17,4,1,1,1,0,0,0,0,4.01
1377,-9,5,7,1976,5,7,1976,8,3,2,-9,1,1,17,4,1,1,1,0,0,0,0,4.01
1378,-9,1,3,1967,18,8,1967,5,3,2,-9,171,171,17,4,1,1,2,0,0,0,0,4.01
1379,-9,9,8,1964,19,10,1969,5,3,4,-9,1898,1898,17,4,1,2,1,0,0,0,0,4.01
1380,-9,27,1,1971,25,12,1971,5,3,3,-9,333,333,17,4,1,1,1,0,0,0,0,4.01
1381,-9,18,9,1972,28,3,1973,5,1,2,-9,192,192,16,4,1,2,1,0,0,0,0,4.01
1382,-9,14,7,1974,7,9,1975,5,3,0,0,421,421,17,4,1,1,3,0,0,0,0,4.01
1384,-9,10,7,1974,24,7,1974,8,3,0,0,15,15,16,4,0,1,1,0,0,0,0,4.01
1385,-9,25,11,1969,-9,4,1971,5,3,0,0,522,493,16,4,1,1,2,0,0,0,0,4.01
1386,-9,20,1,1973,20,1,1973,5,3,0,0,1,1,12,3,1,1,1,0,0,0,0,4.01
1387,-9,-9,12,1961,-9,12,1961,5,3,0,0,31,1,12,3,0,1,1,0,0,0,0,4.01
1388,-9,8,4,1963,17,4,1963,5,3,0,0,10,10,16,4,0,1,1,0,0,0,0,4.01
1389,-9,26,5,1972,26,5,1972,5,3,1,-9,1,1,17,4,1,1,1,0,0,0,0,4.01
1390,-9,24,12,1972,14,6,1973,7,3,0,0,173,173,16,4,0,1,1,0,0,0,0,4.01
1391,-9,3,3,1971,12,4,1971,7,3,0,0,41,41,15,4,1,1,1,0,0,0,0,4.01
1392,-9,18,5,1966,7,8,1969,5,1,0,0,1178,1178,17,4,1,1,1,0,0,0,0,4.01
1396,-9,1,10,1974,20,11,1974,5,3,0,0,51,51,17,4,1,2,1,0,0,0,0,4.01
1397,-9,9,1,1973,14,6,1973,5,3,2,-9,157,157,17,4,1,2,1,0,0,0,0,4.01
1398,-9,4,10,1971,7,10,1971,5,3,0,0,4,4,1,2,0,1,1,0,0,0,0,4.01
1399,-9,23,3,1969,26,3,1969,5,3,0,0,4,4,7,3,1,1,1,0,0,0,0,4.01
1400,-9,6,4,1968,27,7,1968,5,3,0,0,113,113,1,2,0,1,1,0,0,0,0,4.01
1401,-9,14,10,1966,4,11,1966,5,3,0,0,22,22,16,4,1,1,1,0,0,0,0,4.01
1403,-9,14,5,1968,18,5,1968,5,3,0,0,5,5,16,4,0,1,1,0,0,0,0,4.01
1404,-9,15,12,1971,16,12,1971,5,3,0,0,2,2,12,3,1,1,1,0,0,0,0,4.01
1406,-9,1,3,1969,4,4,1969,5,3,0,0,35,35,14,4,0,1,1,0,0,0,0,4.01
1407,-9,2,12,1963,1,1,1964,3,3,0,0,31,31,13,4,0,1,1,0,0,0,0,4.01
1408,-9,29,10,1966,4,11,1966,7,1,0,0,7,7,15,4,1,1,1,0,0,0,0,4.01
1409,-9,10,3,1966,10,3,1966,5,3,0,0,1,1,1,2,0,1,1,0,0,0,0,4.01
1410,-9,23,7,1962,23,7,1962,5,3,-9,-9,1,1,17,4,1,1,1,0,0,0,0,4.01
1411,-9,-9,11,1974,3,6,1975,5,3,1,-9,215,186,17,4,1,1,1,0,0,0,0,4.01
1415,-9,7,4,1975,7,4,1975,8,3,0,0,1,1,16,4,0,1,1,0,0,0,0,4.01
1417,-9,-9,11,1961,-9,11,1961,7,3,0,0,30,1,15,4,1,1,1,0,0,0,0,4.01
1418,-9,7,12,1962,19,12,1962,5,3,0,0,13,13,11,3,0,1,1,0,0,0,0,4.01
1419,-9,16,1,1965,16,4,1965,5,3,1,-9,91,91,17,4,1,1,1,0,0,0,0,4.01
1421,-9,20,1,1961,14,9,1961,5,3,0,0,238,238,12,3,1,1,1,0,0,0,0,4.01
1422,-9,2,7,1967,3,7,1967,5,3,0,0,2,2,14,4,0,1,1,0,0,0,0,4.01
1423,-9,14,8,1960,20,8,1960,5,3,0,0,7,7,16,4,1,1,1,0,0,0,0,4.01
1425,-9,16,11,1963,19,4,1964,5,1,3,-9,156,156,17,4,1,1,1,0,0,0,0,4.01
1426,-9,29,12,1963,30,3,1964,5,1,-9,-9,93,93,17,4,1,1,1,0,0,0,0,4.01
1427,-9,26,5,1974,28,5,1974,5,3,1,-9,3,3,17,4,1,1,1,0,0,0,0,4.01
1428,-9,14,12,1975,4,1,1976,5,3,1,-9,22,22,17,4,1,1,1,0,0,0,0,4.01
1430,-9,9,10,1975,27,11,1977,5,3,-9,-9,781,781,18,4,1,2,1,0,0,0,0,4.01
1435,-9,18,4,1975,7,1,1979,1,2,6,-9,1361,1361,20,5,1,1,1,0,0,0,0,4.01
1441,-9,-9,8,1975,30,8,1988,5,3,-9,-9,4779,4749,17,4,1,3,2,0,0,0,0,4.01
1446,-9,3,2,1974,3,2,1974,5,3,0,0,1,1,1,2,0,1,1,0,0,0,0,4.01
1447,-9,7,4,1971,17,12,1971,2,1,6,-9,255,255,20,5,1,1,1,0,0,0,0,4.01
1448,-9,2,5,1954,20,11,1954,7,3,0,0,203,203,15,4,0,1,2,0,0,0,0,4.01
1449,-9,16,6,1969,-9,9,1969,5,3,0,0,107,78,2,2,0,1,1,0,0,0,0,4.01
1450,-9,-9,8,1975,27,7,1976,7,3,0,0,362,332,17,4,1,1,1,0,0,0,0,4.01
1452,-9,8,6,1956,4,10,1956,5,3,0,0,119,119,16,4,1,2,2,0,0,0,0,4.01
1462,-9,26,10,1968,18,12,1968,7,1,0,0,54,54,15,4,0,1,1,0,0,0,0,4.01
1463,-9,1,12,1965,3,12,1965,7,1,0,0,3,3,15,4,1,1,1,0,0,0,0,4.01
1466,-9,-9,4,1962,5,10,1962,5,3,-9,-9,188,159,17,4,1,1,2,0,0,0,0,4.01
1467,-9,4,3,1964,28,9,1964,5,3,2,-9,209,209,17,4,1,1,1,0,0,0,0,4.01
1469,-9,19,4,1976,21,4,1976,5,3,1,-9,3,3,17,4,1,1,1,0,0,0,0,4.01
1472,-9,15,2,1975,20,11,1975,5,3,1,-9,279,279,17,4,1,2,1,0,0,0,0,4.01
1480,-9,26,6,1967,7,8,1970,5,1,6,-9,1139,1139,20,5,1,1,2,0,0,0,0,4.01
1481,-9,24,11,1974,24,11,1974,7,3,0,0,1,1,15,4,0,1,1,0,0,0,0,4.01
1603,-9,19,5,1949,14,8,1949,5,3,0,0,88,88,16,4,1,1,1,0,0,0,0,4.01
1604,-9,3,5,1960,21,11,1960,5,3,0,0,203,203,16,4,1,1,1,0,0,0,0,4.01
1605,-9,23,3,1970,1,6,1970,3,1,0,0,71,71,14,4,0,1,1,0,0,0,0,4.01
1608,-9,6,11,1965,11,12,1965,6,1,1,-9,36,36,17,4,1,1,1,0,0,0,0,4.01
1609,-9,18,8,1967,7,5,1968,5,1,0,0,264,264,16,4,1,1,1,0,0,0,0,4.01
1610,-9,-9,6,1968,-9,8,1968,5,3,-9,-9,92,33,17,4,1,1,1,0,0,0,0,4.01
1611,-9,3,1,1970,18,1,1970,4,3,0,0,16,16,1,2,0,2,1,0,0,0,0,4.01
1612,-9,21,12,1972,8,4,1973,3,3,1,-9,109,109,17,4,1,1,2,0,0,0,0,4.01
1613,-9,7,3,1975,5,6,1975,6,1,0,0,91,91,16,4,0,1,1,0,0,0,0,4.01
1617,-9,13,3,1970,18,3,1970,9,3,-9,-9,6,6,21,5,1,1,1,0,0,0,0,4.01
1698,-9,15,2,1947,3,4,1947,5,3,0,0,48,48,14,4,0,2,1,0,0,0,0,4.01
1701,-9,16,6,1952,16,9,1952,5,3,0,0,93,93,16,4,1,1,1,0,0,0,0,4.01
1702,-9,-9,8,1952,30,10,1952,7,3,0,0,91,61,15,4,0,1,1,0,0,0,0,4.01
1703,-9,30,6,1952,26,10,1952,5,3,1,-9,119,119,16,4,1,4,1,0,0,0,0,4.01
1705,-9,7,9,1954,7,9,1954,7,3,0,0,1,1,15,4,0,1,1,0,0,0,0,4.01
1706,-9,31,5,1957,17,6,1958,6,1,2,-9,383,383,17,4,1,1,1,0,0,0,0,4.01
1707,-9,2,7,1958,1,11,1958,5,3,0,0,123,123,14,4,1,1,1,0,0,0,0,4.01
1708,-9,21,5,1959,7,9,1959,5,3,-9,-9,110,110,16,4,1,1,1,0,0,0,0,4.01
1709,-9,28,12,1959,30,12,1959,5,3,1,-9,3,3,16,4,1,1,1,0,0,0,0,4.01
1710,-9,10,1,1960,10,1,1960,5,3,-9,-9,1,1,17,4,1,1,1,0,0,0,0,4.01
1711,-9,-9,3,1960,28,5,1960,5,3,2,-9,89,59,17,4,1,1,1,0,0,0,0,4.01
1713,-9,22,7,1966,30,12,1966,7,1,0,0,162,162,15,4,0,1,1,0,0,0,0,4.01
1715,-9,18,5,1967,10,10,1967,5,3,1,-9,146,146,17,4,1,1,1,0,0,0,0,4.01
1717,-9,26,6,1969,30,11,1969,5,3,-9,-9,158,158,8,3,1,1,1,0,0,0,0,4.01
1718,-9,2,8,1971,8,8,1971,4,4,0,0,7,7,7,3,0,3,1,0,0,0,0,4.01
1720,-9,-9,2,1976,-9,2,1976,5,3,0,0,29,1,16,4,0,1,1,0,0,0,0,4.01
1728,-9,23,11,1975,24,11,1975,5,3,0,0,2,2,1,2,1,1,1,0,0,0,0,4.01
1742,-9,14,1,1959,14,1,1959,5,3,0,0,1,1,1,2,0,1,1,0,0,0,0,4.01
1745,-9,14,2,1956,14,2,1956,5,3,-9,-9,1,1,16,4,0,1,1,0,0,0,0,4.01
1746,-9,28,9,1960,28,9,1960,5,3,0,0,1,1,16,4,0,1,1,0,0,0,0,4.01
1792,-9,-9,4,1946,7,12,1946,5,1,3,-9,251,222,17,4,1,1,1,0,0,0,0,4.01
1793,-9,14,5,1948,31,10,1948,2,1,6,-9,171,171,20,5,1,5,1,0,0,0,0,4.01
1796,-9,9,2,1959,15,8,1959,5,3,1,-9,188,188,17,4,1,1,1,0,0,0,0,4.01
1797,-9,28,6,1960,31,7,1960,6,1,-9,-9,34,34,17,4,1,1,1,0,0,0,0,4.01
1799,-9,-9,1,1961,-9,9,1961,7,1,0,0,273,214,15,4,0,1,1,0,0,0,0,4.01
1801,-9,2,5,1961,25,11,1961,4,3,0,0,208,208,7,3,0,1,1,0,0,0,0,4.01
1803,-9,28,5,1963,14,6,1963,7,3,0,0,18,18,15,4,0,1,1,0,0,0,0,4.01
1804,-9,11,11,1965,23,8,1966,5,3,0,0,286,286,7,3,1,1,2,0,0,0,0,4.01
1805,-9,9,1,1967,-9,2,1967,7,3,0,0,51,24,15,4,0,1,1,0,0,0,0,4.01
1806,-9,18,1,1968,28,4,1969,5,3,-9,-9,467,467,17,4,1,2,2,0,0,0,0,4.01
1807,-9,10,10,1968,28,2,1969,7,1,0,0,142,142,15,4,0,1,1,0,0,0,0,4.01
1808,-9,26,1,1973,26,1,1973,6,1,0,0,1,1,7,3,1,1,2,0,0,0,0,4.01
1809,-9,26,6,1975,28,6,1975,7,3,0,0,3,3,15,4,0,1,1,0,0,0,0,4.01
1900,-9,31,3,1961,31,3,1961,7,1,0,0,1,1,15,4,0,1,1,0,0,0,0,4.01
2000,-9,11,5,1953,23,9,1953,5,3,2,-9,136,136,17,4,1,1,1,0,0,0,0,4.01
2001,-9,20,9,1953,29,10,1953,3,1,3,-9,40,40,17,4,1,1,1,0,0,0,0,4.01
2002,-9,27,5,1960,27,5,1960,5,3,0,0,1,1,7,3,0,1,1,0,0,0,0,4.01
2006,-9,2,10,1949,27,2,1950,7,1,0,0,149,149,15,4,0,1,1,0,0,0,0,4.01
2007,-9,18,10,1949,16,11,1949,7,3,0,0,30,30,15,4,1,1,1,0,0,0,0,4.01
2008,-9,5,6,1950,15,7,1950,5,3,0,0,41,41,17,4,1,1,1,0,0,0,0,4.01
2009,-9,17,8,1950,24,8,1950,5,3,0,0,8,8,17,4,1,1,1,0,0,0,0,4.01
2010,-9,23,11,1950,23,11,1950,5,3,1,-9,1,1,17,4,1,1,1,0,0,0,0,4.01
2015,-9,12,6,1966,13,6,1966,5,3,0,0,2,2,16,4,0,1,1,0,0,0,0,4.01
2016,-9,5,5,1969,5,5,1969,5,3,0,0,1,1,7,3,0,1,1,0,0,0,0,4.01
2017,-9,25,2,1970,21,3,1970,5,3,0,0,25,25,8,3,0,1,1,0,0,0,0,4.01
2018,-9,16,10,1953,28,10,1953,5,3,0,0,13,13,16,4,1,1,1,0,0,0,0,4.01
2019,-9,11,2,1957,11,2,1957,5,3,0,0,1,1,1,2,0,1,1,0,0,0,0,4.01
2020,-9,21,7,1948,21,10,1948,5,3,0,0,93,93,16,4,0,1,1,0,0,0,0,4.01
2021,-9,14,12,1949,14,12,1949,5,3,0,0,1,1,12,3,0,1,1,0,0,0,0,4.01
2022,-9,15,2,1952,7,3,1952,5,3,0,0,22,22,8,3,0,1,1,0,0,0,0,4.01
2023,-9,28,3,1954,5,4,1954,5,3,0,0,9,9,16,4,1,1,1,0,0,0,0,4.01
2024,-9,3,3,1955,29,3,1955,5,3,0,0,27,27,16,4,1,1,1,0,0,0,0,4.01
2025,-9,20,9,1957,20,9,1957,5,3,0,0,1,1,7,3,0,1,1,0,0,0,0,4.01
2027,-9,26,11,1961,27,11,1961,7,1,0,0,2,2,15,4,0,1,1,0,0,0,0,4.01
2028,-9,25,8,1960,27,8,1960,5,3,0,0,3,3,16,4,1,1,1,0,0,0,0,4.01
2029,-9,27,12,1960,6,1,1961,5,3,0,0,11,11,12,3,1,1,1,0,0,0,0,4.01
2030,-9,22,9,1960,19,10,1960,7,3,0,0,28,28,15,4,1,1,1,0,0,0,0,4.01
2031,-9,16,2,1964,16,3,1964,5,3,0,0,30,30,16,4,1,1,1,0,0,0,0,4.01
2032,-9,11,5,1955,11,5,1955,5,3,0,0,1,1,17,4,1,1,1,0,0,0,0,4.01
2033,-9,23,7,1954,27,7,1954,5,3,-9,-9,5,5,17,4,1,1,1,0,0,0,0,4.01
2034,-9,23,7,1954,23,7,1954,5,3,0,0,1,1,16,4,0,1,1,0,0,0,0,4.01
2035,-9,1,8,1953,2,9,1953,5,3,0,0,33,33,12,3,0,1,1,0,0,0,0,4.01
2036,-9,24,6,1953,-9,7,1953,7,3,0,0,38,8,15,4,0,1,1,0,0,0,0,4.01
2037,-9,19,1,1955,19,1,1955,5,3,0,0,1,1,16,4,0,1,1,0,0,0,0,4.01
2038,-9,27,8,1958,27,8,1958,5,3,0,0,1,1,12,3,0,1,1,0,0,0,0,4.01
2041,-9,16,2,1949,25,2,1949,6,1,0,0,10,10,12,3,0,1,1,0,0,0,0,4.01
2042,-9,3,5,1957,23,6,1957,5,3,0,0,52,52,7,3,0,1,1,0,0,0,0,4.01
2049,-9,12,6,1957,13,6,1957,5,3,-9,-9,2,2,17,4,1,2,1,0,0,0,0,4.01
2052,-9,16,2,1951,16,10,1952,5,3,1,-9,609,609,17,4,1,1,2,0,0,0,0,4.01
2053,-9,26,3,1979,14,4,1982,5,3,-9,-9,1116,1116,17,4,1,1,2,0,0,0,0,4.01
2054,-9,18,9,1983,30,4,1987,5,3,-9,-9,1321,1321,17,4,1,1,2,0,0,0,0,4.01
2059,-9,4,7,1971,4,7,1971,5,3,0,0,1,1,7,3,0,1,1,0,0,0,0,4.01
2066,-9,12,6,1965,12,6,1965,5,3,0,0,1,1,17,4,1,1,1,0,0,0,0,4.01
2067,-9,31,3,1966,24,6,1966,5,3,1,-9,86,86,17,4,1,1,1,0,0,0,0,4.01
2068,-9,-9,4,1973,23,5,1973,5,3,0,0,53,24,11,3,1,1,1,0,0,0,0,4.01
2069,-9,22,2,1977,14,3,1978,2,3,6,-9,386,386,20,5,1,1,2,0,0,0,0,4.01
2070,-9,14,4,1978,7,2,1979,5,3,-9,-9,300,300,16,4,1,1,1,0,0,0,0,4.01
2071,-9,24,2,1980,13,6,1981,5,3,3,-9,476,476,17,4,1,1,1,0,0,0,0,4.01
2072,-9,30,6,1982,13,8,1983,1,3,5,-9,410,410,17,4,1,1,1,0,0,0,0,4.01
2073,-9,30,1,1984,26,5,1984,5,3,0,0,118,118,16,4,0,1,1,0,0,0,0,4.01
2074,-9,20,12,1984,2,1,1985,5,3,3,-9,14,14,17,4,1,1,1,0,0,0,0,4.01
2075,-9,17,9,1985,22,10,1985,5,3,2,-9,36,36,17,4,1,1,1,0,0,0,0,4.01
2079,-9,3,11,1958,3,11,1958,5,3,0,0,1,1,12,3,0,1,1,0,0,0,0,4.01
2080,-9,25,7,1964,29,7,1964,5,1,0,0,5,5,17,4,1,1,1,0,0,0,0,4.01
2081,-9,14,7,1977,10,2,1978,5,3,0,0,212,212,7,3,1,1,1,0,0,0,0,4.01
2082,-9,18,8,1978,9,1,1979,5,1,0,0,145,145,10,3,1,1,1,0,0,0,0,4.01
2083,-9,7,9,1980,9,2,1981,5,3,0,0,156,156,15,4,1,1,1,0,0,0,0,4.01
2084,-9,25,4,1981,29,4,1981,5,3,0,0,5,5,15,4,1,1,1,0,0,0,0,4.01
2085,-9,21,9,1981,23,2,1982,5,3,0,0,156,156,16,4,1,1,1,0,0,0,0,4.01
2086,-9,18,8,1983,18,8,1983,6,1,0,0,1,1,7,3,1,1,1,0,0,0,0,4.01
2087,-9,19,10,1984,19,10,1984,5,1,0,0,1,1,16,4,0,1,1,0,0,0,0,4.01
2088,-9,16,11,1950,20,11,1950,5,3,0,0,5,5,11,3,1,1,1,0,0,0,0,4.01
2089,-9,29,6,1954,19,9,1954,5,3,0,0,83,83,12,3,0,1,1,0,0,0,0,4.01
2090,-9,25,6,1955,5,11,1955,5,3,0,0,134,134,12,3,1,1,1,0,0,0,0,4.01
2091,-9,2,5,1956,2,5,1956,5,3,0,0,1,1,12,3,1,1,1,0,0,0,0,4.01
2092,-9,7,6,1956,3,10,1956,5,3,0,0,119,119,7,3,1,1,1,0,0,0,0,4.01
2093,-9,2,8,1958,26,9,1958,5,3,0,0,56,56,7,3,1,1,1,0,0,0,0,4.01
2094,-9,1,12,1962,26,12,1963,5,3,0,0,391,391,16,4,1,1,1,0,0,0,0,4.01
2095,-9,7,4,1964,4,2,1965,5,3,0,0,304,304,7,3,1,1,1,0,0,0,0,4.01
2096,-9,25,4,1965,25,4,1965,5,3,0,0,1,1,12,3,0,1,1,0,0,0,0,4.01
2097,-9,17,7,1967,22,7,1967,7,3,0,0,6,6,15,4,0,1,1,0,0,0,0,4.01
2098,-9,23,3,1969,23,4,1969,5,3,0,0,32,32,1,2,0,1,1,0,0,0,0,4.01
2099,-9,10,12,1971,10,12,1971,5,3,0,0,1,1,12,3,0,1,1,0,0,0,0,4.01
2100,-9,12,4,1973,12,4,1973,5,3,0,0,1,1,7,3,0,1,1,0,0,0,0,4.01
2101,-9,27,2,1979,27,2,1979,5,3,0,0,1,1,8,3,0,1,1,0,0,0,0,4.01
2102,-9,-9,12,1985,4,6,1987,5,3,-9,-9,551,521,17,4,1,1,1,0,0,0,0,4.01
2104,-9,10,2,1953,10,2,1953,8,3,0,0,1,1,12,3,0,1,1,0,0,0,0,4.01
2105,-9,10,2,1961,23,4,1961,5,1,0,0,73,73,7,3,0,1,1,0,0,0,0,4.01
2106,-9,18,12,1965,12,1,1966,5,1,1,-9,26,26,17,4,1,1,1,0,0,0,0,4.01
2107,-9,23,5,1966,23,5,1966,5,3,0,0,1,1,16,4,1,1,1,0,0,0,0,4.01
2108,-9,14,9,1969,14,9,1969,5,3,2,-9,1,1,17,4,1,1,1,0,0,0,0,4.01
2109,-9,20,1,1970,5,2,1970,5,3,0,0,17,17,15,4,1,1,1,0,0,0,0,4.01
2110,-9,14,4,1971,31,5,1971,5,3,1,-9,48,48,17,4,1,1,1,0,0,0,0,4.01
2111,-9,2,1,1973,3,3,1973,5,3,2,-9,61,61,17,4,1,1,1,0,0,0,0,4.01
2112,-9,24,1,1974,21,5,1974,5,3,2,-9,118,118,17,4,1,1,1,0,0,0,0,4.01
2113,-9,27,2,1979,19,6,1979,5,3,0,0,113,113,16,4,1,1,1,0,0,0,0,4.01
2114,-9,24,10,1979,16,4,1980,5,3,2,-9,176,176,17,4,1,1,1,0,0,0,0,4.01
2115,-9,27,8,1980,20,8,1988,3,1,6,-9,2916,2916,20,5,1,1,1,0,0,0,0,4.01
2118,-9,15,1,1984,15,1,1984,5,3,1,-9,1,1,17,4,1,1,1,0,0,0,0,4.01
2119,-9,23,1,1981,6,3,1981,5,3,2,-9,43,43,17,4,1,1,1,0,0,0,0,4.01
2120,-9,21,6,1977,18,1,1978,5,3,1,-9,212,212,17,4,1,1,1,0,0,0,0,4.01
2121,-9,27,2,1953,13,7,1953,5,3,0,0,137,137,12,3,1,1,1,0,0,0,0,4.01
2122,-9,21,10,1950,21,10,1950,5,3,0,0,1,1,10,3,0,1,1,0,0,0,0,4.01
2136,-9,7,11,1974,-9,2,1975,8,3,0,0,114,87,8,3,0,1,1,0,0,0,0,4.01
2137,-9,-9,3,1975,-9,3,1975,5,3,0,0,31,1,16,4,0,1,1,0,0,0,0,4.01
2138,-9,20,9,1972,22,9,1972,7,3,0,0,3,3,16,4,1,1,1,0,0,0,0,4.01
2139,-9,17,4,1977,19,7,1977,5,3,0,0,94,94,7,3,1,1,1,0,0,0,0,4.01
2140,-9,24,2,1977,11,5,1977,5,3,1,-9,77,77,17,4,1,1,1,0,0,0,0,4.01
2141,-9,9,10,1978,3,6,1979,2,2,6,-9,238,238,20,5,1,2,1,0,0,0,0,4.01
2142,-9,1,1,1977,14,4,1977,5,3,0,0,104,104,12,3,1,1,1,0,0,0,0,4.01
2143,-9,8,1,1977,25,1,1977,5,3,0,0,18,18,7,3,1,1,1,0,0,0,0,4.01
2144,-9,4,2,1977,14,2,1977,7,1,0,0,11,11,15,4,0,1,1,0,0,0,0,4.01
2148,-9,26,4,1977,26,4,1977,5,3,-9,-9,1,1,17,4,1,1,1,0,0,0,0,4.01
2149,-9,-9,5,1977,2,10,1977,5,3,-9,-9,155,125,17,4,1,1,1,0,0,0,0,4.01
2150,-9,8,3,1977,26,5,1977,8,4,4,-9,80,80,17,4,1,4,5,0,0,0,0,4.01
2152,-9,3,2,1980,15,2,1980,5,3,1,-9,13,13,17,4,1,1,1,0,0,0,0,4.01
2153,-9,1,9,1964,1,9,1964,5,3,0,0,1,1,1,2,0,1,1,0,0,0,0,4.01
2155,-9,31,12,1966,22,4,1967,5,3,-9,-9,113,113,17,4,1,1,1,0,0,0,0,4.01
2157,-9,29,1,1963,27,2,1963,2,2,1,-9,30,30,16,4,1,1,1,0,0,0,0,4.01
2163,-9,19,2,1983,19,2,1983,6,1,1,-9,1,1,17,4,1,1,1,0,0,0,0,4.01
2171,-9,16,3,1965,16,3,1965,5,3,0,0,1,1,1,2,1,1,1,0,0,0,0,4.01
2172,-9,6,11,1965,6,11,1965,5,3,0,0,1,1,1,2,0,1,1,0,0,0,0,4.01
2173,-9,13,9,1974,-9,10,1974,5,3,0,0,49,19,11,3,0,1,1,0,0,0,0,4.01
2174,-9,1,11,1978,1,11,1978,5,3,0,0,1,1,16,4,0,1,1,0,0,0,0,4.01
2175,-9,21,3,1981,28,3,1982,5,3,0,0,373,373,7,3,1,1,1,0,0,0,0,4.01
2176,-9,1,12,1982,10,3,1984,5,3,0,0,466,466,16,4,1,2,1,0,0,0,0,4.01
2177,-9,17,10,1984,13,3,1985,5,3,-9,-9,148,148,1,2,0,1,1,0,0,0,0,4.01
2178,-9,2,7,1986,2,7,1986,8,4,0,0,1,1,7,3,0,1,1,0,0,0,0,4.01
2179,-9,27,6,1986,31,7,1987,8,4,1,-9,400,400,17,4,1,1,1,0,0,0,0,4.01
2180,-9,8,5,1951,8,5,1951,5,3,0,0,1,1,16,4,0,1,1,0,0,0,0,4.01
2181,-9,19,5,1956,19,5,1956,5,3,1,-9,1,1,16,4,0,1,1,0,0,0,0,4.01
2186,-9,5,5,1949,10,8,1949,5,3,-9,-9,98,98,17,4,1,1,1,0,0,0,0,4.01
2187,-9,7,3,1958,17,10,1961,5,3,2,-9,1321,1321,17,4,1,1,2,0,0,0,0,4.01
2188,-9,2,6,1962,22,11,1962,5,3,1,-9,174,174,17,4,1,1,2,0,0,0,0,4.01
2189,-9,17,5,1963,15,1,1964,5,3,1,-9,244,244,17,4,1,1,2,0,0,0,0,4.01
2190,-9,14,3,1970,20,9,1971,5,3,2,-9,556,556,17,4,1,1,1,0,0,0,0,4.01
2191,-9,15,2,1974,20,7,1974,5,3,1,-9,156,156,16,4,1,1,1,0,0,0,0,4.01
2192,-9,28,4,1977,19,5,1978,8,4,1,-9,387,387,17,4,1,1,2,0,0,0,0,4.01
2193,-9,1,3,1979,6,12,1980,5,3,1,-9,647,647,17,4,1,1,2,0,0,0,0,4.01
2194,-9,7,7,1981,13,7,1982,5,3,0,0,372,372,17,4,1,1,1,0,0,0,0,4.01
2195,-9,1,2,1983,5,8,1983,5,3,0,0,186,186,16,4,1,2,1,0,0,0,0,4.01
2196,-9,13,11,1984,20,10,1985,5,3,0,0,342,342,17,4,1,1,2,0,0,0,0,4.01
2198,-9,11,8,1986,21,8,1986,5,3,0,0,11,11,17,4,1,1,1,0,0,0,0,4.01
2215,-9,27,6,1958,7,7,1958,7,3,0,0,11,11,16,4,0,1,1,0,0,0,0,4.01
2216,-9,7,11,1958,7,11,1958,5,3,0,0,1,1,16,4,0,1,1,0,0,0,0,4.01
2217,-9,25,7,1961,7,9,1961,5,3,0,0,45,45,7,3,0,1,1,0,0,0,0,4.01
2218,-9,2,4,1963,2,4,1963,5,3,0,0,1,1,16,4,0,1,2,0,0,0,0,4.01
2219,-9,19,11,1961,14,8,1962,5,3,1,-9,269,269,17,4,1,2,2,0,0,0,0,4.01
2220,-9,28,1,1964,27,3,1964,7,3,1,-9,60,60,16,4,1,1,1,0,0,0,0,4.01
2221,-9,21,10,1970,10,11,1970,7,3,0,0,21,21,15,4,1,1,1,0,0,0,0,4.01
2222,-9,9,4,1977,10,4,1977,7,3,0,0,2,2,15,4,0,1,1,0,0,0,0,4.01
2223,-9,19,11,1978,2,1,1979,4,3,0,0,45,45,7,3,1,1,1,0,0,0,0,4.01
2224,-9,9,8,1979,10,8,1979,7,1,0,0,2,2,15,4,1,1,1,0,0,0,0,4.01
2225,-9,31,8,1979,20,11,1979,5,3,0,0,82,82,7,3,1,2,1,0,0,0,0,4.01
2226,-9,13,3,1980,19,3,1980,5,3,0,0,7,7,7,3,0,7,1,0,0,0,0,4.01
2227,-9,4,5,1980,4,5,1980,5,3,0,0,1,1,1,2,0,1,1,0,0,0,0,4.01
2228,-9,12,5,1981,14,5,1981,7,3,0,0,3,3,15,4,0,1,1,0,0,0,0,4.01
2229,-9,23,6,1982,24,1,1983,5,3,0,0,216,216,14,4,1,1,2,0,0,0,0,4.01
2230,-9,12,9,1984,19,9,1984,7,3,0,0,8,8,15,4,0,1,1,0,0,0,0,4.01
2231,-9,24,11,1983,20,5,1984,5,3,-9,-9,179,179,16,4,1,2,2,0,0,0,0,4.01
2232,-9,24,3,1985,7,9,1985,5,3,1,-9,168,168,16,4,1,2,2,0,0,0,0,4.01
2233,-9,13,3,1986,13,3,1986,5,3,0,0,1,1,7,3,0,1,1,0,0,0,0,4.01
2237,-9,24,7,1981,5,9,1982,5,3,0,0,409,409,10,3,1,1,2,0,0,0,0,4.01
2239,-9,18,1,1969,20,1,1969,5,3,0,0,3,3,8,3,1,1,1,0,0,0,0,4.01
2240,-9,19,2,1970,22,2,1970,5,3,0,0,4,4,17,4,1,1,1,0,0,0,0,4.01
2244,-9,13,1,1954,10,11,1956,5,3,2,-9,1033,1033,17,4,1,1,3,0,0,0,0,4.01
2245,-9,12,2,1987,12,2,1987,5,3,2,-9,1,1,17,4,1,1,1,0,0,0,0,4.01
2315,-9,26,10,1986,26,4,1987,7,3,0,0,183,183,15,4,0,1,1,0,0,0,0,4.01
2317,-9,-9,4,1976,-9,4,1976,5,3,0,0,30,1,7,3,0,1,1,0,0,0,0,4.01
2318,-9,-9,4,1976,-9,4,1976,5,3,0,0,30,1,12,3,0,1,1,0,0,0,0,4.01
2319,-9,27,1,1972,20,4,1972,5,3,0,0,85,85,8,3,1,1,1,0,0,0,0,4.01
2323,-9,13,7,1982,24,7,1982,5,3,0,0,12,12,16,4,1,1,1,0,0,0,0,4.01
2325,-9,-9,11,1979,-9,12,1979,5,1,-9,-9,61,2,17,4,1,1,1,0,0,0,0,4.01
2326,-9,-9,9,1977,-9,2,1978,6,1,0,0,181,125,16,4,1,1,1,0,0,0,0,4.01
2327,-9,10,8,1976,10,8,1976,7,3,0,0,1,1,15,4,0,1,1,0,0,0,0,4.01
2328,-9,-9,3,1949,24,11,1951,5,1,2,-9,999,969,16,4,1,1,1,0,0,0,0,4.01
2331,-9,17,7,1958,22,10,1958,5,3,0,0,98,98,7,3,0,1,2,0,0,0,0,4.01
2332,-9,15,7,1958,31,7,1958,5,3,0,0,17,17,8,3,0,1,1,0,0,0,0,4.01
2335,-9,31,8,1976,6,9,1976,6,1,0,0,7,7,17,4,1,1,1,0,0,0,0,4.01
2339,-9,11,12,1948,9,3,1949,5,1,-9,-9,89,89,17,4,1,1,1,0,0,0,0,4.01
2340,-9,19,4,1948,31,5,1948,5,3,-9,-9,43,43,12,3,1,1,1,0,0,0,0,4.01
2344,-9,14,8,1962,14,8,1962,5,3,1,-9,1,1,17,4,1,1,1,0,0,0,0,4.01
2346,-9,12,9,1978,27,12,1978,5,3,1,-9,107,107,17,4,1,1,1,0,0,0,0,4.01
2347,-9,30,4,1981,6,6,1985,5,3,0,0,1499,1499,12,3,1,1,2,0,0,0,0,4.01
2348,-9,2,8,1982,26,1,1983,5,3,0,0,178,178,16,4,0,1,1,0,0,0,0,4.01
2349,-9,28,9,1983,3,9,1984,5,3,-9,-9,342,342,17,4,0,1,1,0,0,0,0,4.01
2350,-9,30,4,1984,30,4,1984,5,3,0,0,1,1,16,4,0,1,1,0,0,0,0,4.01
2352,-9,10,7,1985,11,7,1985,5,3,0,0,2,2,12,3,0,1,1,0,0,0,0,4.01
2353,-9,7,1,1986,-9,3,1988,5,3,-9,-9,815,785,17,4,1,1,2,0,0,0,0,4.01
2354,-9,31,1,1986,1,2,1986,5,3,0,0,2,2,7,3,0,1,1,0,0,0,0,4.01
2356,-9,5,6,1986,5,6,1986,5,3,0,0,1,1,1,2,0,1,1,0,0,0,0,4.01
2357,-9,2,7,1978,17,3,1979,6,1,-9,-9,259,259,17,4,1,1,1,0,0,0,0,4.01
2360,-9,6,4,1965,24,8,1965,6,1,-9,-9,141,141,16,4,1,2,1,0,0,0,0,4.01
2362,-9,12,5,1967,14,5,1967,5,3,-9,-9,3,3,16,4,0,1,1,0,0,0,0,4.01
2371,-9,1,3,1946,16,4,1947,5,3,-9,-9,412,412,16,4,1,1,1,0,0,0,0,4.01
2372,-9,23,7,1952,-9,7,1952,8,4,1,-9,9,1,16,4,1,1,1,0,0,0,0,4.01
2373,-9,5,11,1969,13,1,1970,5,3,-9,-9,70,70,16,4,0,1,1,0,0,0,0,4.01
2374,-9,8,2,1975,7,4,1975,5,3,0,0,59,59,16,4,1,1,1,0,0,0,0,4.01
2540,-9,20,8,1985,22,8,1985,5,3,0,0,3,3,8,3,1,1,1,0,0,0,0,4.01
2541,-9,7,3,1984,7,3,1984,5,3,0,0,1,1,16,4,0,1,1,0,0,0,0,4.01
2542,-9,20,10,1984,20,10,1984,5,3,0,0,1,1,16,4,0,1,1,0,0,0,0,4.01
2543,-9,24,7,1985,28,11,1985,5,3,0,0,128,128,16,4,0,1,1,0,0,0,0,4.01
2544,-9,19,7,1985,19,7,1985,5,3,0,0,1,1,16,4,0,1,1,0,0,0,0,4.01
2545,-9,10,7,1985,13,7,1985,5,3,0,0,4,4,16,4,0,1,1,0,0,0,0,4.01
2546,-9,31,5,1985,5,6,1985,5,3,1,-9,6,6,17,4,1,1,1,0,0,0,0,4.01
2547,-9,30,4,1985,30,4,1985,5,3,0,0,1,1,16,4,0,1,1,0,0,0,0,4.01
2548,-9,25,3,1985,25,3,1985,5,3,0,0,1,1,16,4,0,1,1,0,0,0,0,4.01
2549,-9,25,3,1985,25,3,1985,5,3,0,0,1,1,16,4,0,1,1,0,0,0,0,4.01
2550,-9,22,3,1985,27,3,1985,7,3,0,0,6,6,16,4,1,1,1,0,0,0,0,4.01
2551,-9,19,3,1985,19,3,1985,5,3,0,0,1,1,16,4,0,1,1,0,0,0,0,4.01
2552,-9,15,3,1985,15,3,1985,5,3,0,0,1,1,16,4,0,1,1,0,0,0,0,4.01
2553,-9,21,2,1985,21,2,1985,5,3,0,0,1,1,16,4,0,1,1,0,0,0,0,4.01
2554,-9,20,2,1985,20,2,1985,5,3,0,0,1,1,16,4,0,1,1,0,0,0,0,4.01
2555,-9,20,2,1985,20,2,1985,5,3,0,0,1,1,16,4,0,1,1,0,0,0,0,4.01
2557,-9,23,9,1985,3,1,1986,5,3,0,0,103,103,16,4,0,1,1,0,0,0,0,4.01
2558,-9,7,9,1985,7,9,1985,5,3,0,0,1,1,16,4,0,1,1,0,0,0,0,4.01
2559,-9,29,9,1985,29,9,1985,5,3,0,0,1,1,16,4,0,1,2,0,0,0,0,4.01
2560,-9,18,10,1985,18,10,1985,5,3,0,0,1,1,7,3,1,1,1,0,0,0,0,4.01
2561,-9,10,10,1985,10,10,1985,5,3,0,0,1,1,16,4,0,1,1,0,0,0,0,4.01
2563,-9,1,10,1985,1,10,1985,5,3,0,0,1,1,16,4,0,1,1,0,0,0,0,4.01
2565,-9,26,8,1986,26,8,1986,5,3,0,0,1,1,16,4,0,1,1,0,0,0,0,4.01
2566,-9,27,8,1986,27,8,1986,5,3,0,0,1,1,1,2,1,1,1,0,0,0,0,4.01
2567,-9,16,8,1986,16,8,1986,7,3,0,0,1,1,16,4,0,1,1,0,0,0,0,4.01
2568,-9,29,7,1986,29,7,1986,5,3,0,0,1,1,16,4,0,1,1,0,0,0,0,4.01
2570,-9,19,5,1986,19,5,1986,5,3,0,0,1,1,16,4,0,1,1,0,0,0,0,4.01
2571,-9,19,5,1986,19,5,1986,5,3,0,0,1,1,12,3,0,1,1,0,0,0,0,4.01
2572,-9,26,4,1986,15,6,1986,6,1,0,0,51,51,14,4,0,1,1,0,0,0,0,4.01
2573,-9,16,4,1986,16,4,1986,5,3,0,0,1,1,17,4,1,1,1,0,0,0,0,4.01
2574,-9,6,4,1986,1,5,1986,5,3,0,0,26,26,16,4,0,1,1,0,0,0,0,4.01
2575,-9,2,3,1986,2,3,1986,5,3,0,0,1,1,16,4,0,1,1,0,0,0,0,4.01
2578,-9,13,1,1986,14,1,1986,5,3,0,0,2,2,16,4,1,1,1,0,0,0,0,4.01
2579,-9,28,5,1986,28,5,1986,5,3,0,0,1,1,16,4,0,1,1,0,0,0,0,4.01
2580,-9,6,1,1986,19,5,1986,5,3,0,0,134,134,16,4,0,1,1,0,0,0,0,4.01
2583,-9,12,12,1985,17,1,1986,6,1,2,-9,37,37,17,4,1,1,1,0,0,0,0,4.01
2584,-9,17,12,1985,7,3,1986,5,3,0,0,81,81,16,4,0,1,1,0,0,0,0,4.01
2585,-9,20,11,1985,20,1,1986,5,3,0,0,62,62,16,4,0,1,1,0,0,0,0,4.01
2587,-9,29,8,1986,29,8,1986,5,3,0,0,1,1,2,2,0,1,5,0,0,0,0,4.01
2588,-9,3,9,1986,3,9,1986,5,3,0,0,1,1,16,4,0,1,1,0,0,0,0,4.01
2589,-9,15,9,1986,15,9,1986,5,3,0,0,1,1,1,2,0,3,1,0,0,0,0,4.01
2590,-9,30,4,1983,30,4,1983,5,3,-9,-9,1,1,17,4,1,1,1,0,0,0,0,4.01
2591,-9,4,2,1986,4,2,1986,7,3,0,0,1,1,16,4,0,1,1,0,0,0,0,4.01
2593,-9,18,11,1986,18,11,1986,5,3,0,0,1,1,16,4,0,1,1,0,0,0,0,4.01
2594,-9,22,10,1986,22,10,1986,5,3,0,0,1,1,16,4,0,1,1,0,0,0,0,4.01
2595,-9,2,10,1986,2,10,1986,5,3,0,0,1,1,16,4,0,1,1,0,0,0,0,4.01
2596,-9,23,9,1986,26,11,1986,5,3,0,0,65,65,16,4,1,1,1,0,0,0,0,4.01
2597,-9,18,9,1986,22,9,1986,5,3,1,-9,5,5,16,4,0,1,1,0,0,0,0,4.01
2598,-9,20,3,1986,21,3,1986,5,3,0,0,2,2,7,3,0,1,1,0,0,0,0,4.01
2599,-9,19,8,1986,15,12,1986,5,3,0,0,119,119,16,4,0,1,1,0,0,0,0,4.01
2600,-9,10,7,1985,10,7,1985,5,1,0,0,1,1,16,4,0,1,1,0,0,0,0,4.01
2601,-9,20,7,1986,23,7,1986,7,1,0,0,4,4,15,4,0,1,1,0,0,0,0,4.01
2602,-9,21,6,1978,21,6,1978,5,3,1,-9,1,1,16,4,1,1,1,0,0,0,0,4.01
2608,-9,30,10,1966,31,10,1966,7,4,0,0,2,2,15,4,0,1,1,0,0,0,0,4.01
2610,-9,21,11,1960,22,11,1960,5,3,0,0,2,2,12,3,0,1,1,0,0,0,0,4.01
2612,-9,31,7,1960,31,7,1960,3,3,0,0,1,1,1,2,0,1,1,0,0,0,0,4.01
2615,-9,11,10,1972,11,10,1972,5,3,0,0,1,1,16,4,0,1,1,0,0,0,0,4.01
2616,-9,14,1,1971,24,3,1971,6,1,0,0,70,70,16,4,1,1,1,0,0,0,0,4.01
2617,-9,13,7,1973,22,7,1973,4,1,-9,-9,10,10,17,4,1,1,1,0,0,0,0,4.01
2619,-9,29,4,1971,5,10,1971,6,3,1,-9,160,160,16,4,1,1,1,0,0,0,0,4.01
2620,-9,21,8,1971,19,8,1972,6,1,0,0,365,365,15,4,1,1,1,0,0,0,0,4.01
2621,-9,7,7,1971,16,8,1971,6,1,0,0,41,41,7,3,0,1,1,0,0,0,0,4.01
2622,-9,20,4,1971,20,4,1971,5,3,0,0,1,1,1,2,0,1,1,0,0,0,0,4.01
2623,-9,25,7,1963,22,11,1963,5,3,0,0,121,121,8,3,0,1,1,0,0,0,0,4.01
2624,-9,26,12,1964,6,1,1965,5,3,1,-9,12,12,17,4,1,1,1,0,0,0,0,4.01
2625,-9,14,4,1949,19,7,1949,5,3,0,0,97,97,16,4,1,1,1,0,0,0,0,4.01
2626,-9,4,10,1952,2,11,1952,5,3,0,0,30,30,16,4,1,1,1,0,0,0,0,4.01
2627,-9,18,3,1956,26,3,1956,5,3,2,-9,9,9,17,4,1,1,1,0,0,0,0,4.01
2628,-9,10,11,1958,2,8,1959,5,1,2,-9,266,266,17,4,1,1,1,0,0,0,0,4.01
2629,-9,6,1,1962,27,4,1962,5,3,0,0,112,112,7,3,1,1,1,0,0,0,0,4.01
2630,-9,16,10,1963,16,10,1963,5,3,0,0,1,1,1,2,0,1,1,0,0,0,0,4.01
2631,-9,-9,1,1965,30,6,1965,5,1,4,-9,181,151,17,4,1,1,1,0,0,0,0,4.01
2632,-9,-9,4,1966,-9,8,1966,5,3,0,0,153,94,11,3,0,1,1,0,0,0,0,4.01
2633,-9,-9,3,1969,30,3,1969,5,3,1,-9,30,1,17,4,1,1,1,0,0,0,0,4.01
2634,-9,12,8,1969,17,3,1970,5,1,0,0,218,218,16,4,1,1,1,0,0,0,0,4.01
2635,-9,20,12,1969,21,12,1969,5,3,-9,-9,2,2,17,4,1,1,1,0,0,0,0,4.01
2637,-9,15,7,1970,15,7,1970,5,3,0,0,1,1,1,2,0,1,1,0,0,0,0,4.01
2638,-9,5,5,1972,5,5,1972,6,1,3,-9,1,1,17,4,1,1,1,0,0,0,0,4.01
2639,-9,7,7,1981,3,11,1981,5,3,2,-9,120,120,17,4,1,1,1,0,0,0,0,4.01
2640,-9,8,9,1982,8,9,1982,5,3,0,0,1,1,8,3,0,1,1,0,0,0,0,4.01
2641,-9,20,10,1983,-9,1,1984,5,3,1,-9,104,74,17,4,1,1,1,0,0,0,0,4.01
2642,-9,25,6,1984,30,8,1984,5,3,2,-9,67,67,17,4,1,1,1,0,0,0,0,4.01
2643,-9,17,1,1985,7,10,1985,5,3,2,-9,264,264,17,4,1,1,1,0,0,0,0,4.01
2644,-9,14,10,1986,15,11,1986,5,3,0,0,33,33,16,4,0,1,1,0,0,0,0,4.01
2706,-9,22,4,1962,-9,9,1962,5,3,-9,-9,162,133,17,4,1,1,1,0,0,0,0,4.01
2707,-9,15,10,1964,15,4,1965,5,3,0,0,183,183,12,3,1,1,1,0,0,0,0,4.01
2708,-9,-9,12,1965,15,1,1966,5,3,0,0,46,16,7,3,0,1,1,0,0,0,0,4.01
2709,-9,26,1,1967,12,2,1967,3,3,0,0,18,18,16,4,1,1,1,0,0,0,0,4.01
2710,-9,10,8,1967,17,8,1967,7,3,0,0,8,8,15,4,0,1,1,0,0,0,0,4.01
2711,-9,-9,8,1968,28,9,1968,5,3,0,0,59,29,12,3,1,1,1,0,0,0,0,4.01
2712,-9,-9,9,1973,-9,9,1973,5,3,0,0,30,1,12,3,0,1,1,0,0,0,0,4.01
2713,-9,-9,12,1974,-9,12,1974,5,3,-9,-9,31,1,17,4,1,1,2,0,0,0,0,4.01
2714,-9,4,7,1977,5,8,1977,5,3,0,0,33,33,17,4,1,1,1,0,0,0,0,4.01
2715,-9,11,3,1978,9,5,1978,5,3,0,0,60,60,17,4,1,1,1,0,0,0,0,4.01
2716,-9,27,1,1979,14,2,1980,5,3,1,-9,384,384,17,4,1,1,1,0,0,0,0,4.01
2717,-9,5,10,1980,29,10,1980,5,3,1,-9,25,25,17,4,1,1,1,0,0,0,0,4.01
2718,-9,12,7,1986,12,7,1986,5,3,1,-9,1,1,17,4,1,1,1,0,0,0,0,4.01
2726,-9,-9,4,1975,18,6,1975,5,3,0,0,79,50,7,3,0,1,1,0,0,0,0,4.01
2727,-9,20,5,1978,2,10,1979,5,3,0,0,501,501,7,3,1,1,1,0,0,0,0,4.01
2728,-9,12,11,1984,23,11,1984,5,3,0,0,12,12,7,3,1,1,1,0,0,0,0,4.01
2729,-9,22,4,1963,22,10,1963,5,3,0,0,184,184,15,4,0,1,1,0,0,0,0,4.01
2730,-9,20,11,1962,20,11,1962,5,3,0,0,1,1,12,3,0,1,1,0,0,0,0,4.01
2731,-9,19,3,1960,19,3,1960,5,3,0,0,1,1,1,2,0,1,1,0,0,0,0,4.01
2732,-9,20,6,1959,20,6,1959,5,3,1,-9,1,1,17,4,1,1,1,0,0,0,0,4.01
2734,-9,10,8,1987,4,2,1988,5,3,0,0,179,179,16,4,0,1,1,0,0,0,0,4.01
2735,-9,2,9,1987,2,9,1987,5,3,-9,-9,1,1,17,4,1,1,1,0,0,0,0,4.01
2736,-9,29,11,1987,30,12,1987,5,3,0,0,32,32,8,3,0,1,1,0,0,0,0,4.01
2737,-9,17,3,1987,17,3,1987,5,3,0,0,1,1,1,2,0,1,1,0,0,0,0,4.01
2738,-9,1,4,1987,-9,6,1988,5,3,0,0,457,428,16,4,1,1,1,0,0,0,0,4.01
2739,-9,17,5,1987,18,5,1987,5,3,2,-9,2,2,16,4,1,1,1,0,0,0,0,4.01
2740,-9,27,1,1987,3,7,1988,5,3,-9,-9,524,524,16,4,1,1,1,0,0,0,0,4.01
2741,-9,24,9,1987,8,4,1988,5,3,0,0,198,198,15,4,1,1,1,0,0,0,0,4.01
2742,-9,1,5,1987,1,5,1987,5,3,0,0,1,1,7,3,0,1,1,0,0,0,0,4.01
2743,-9,6,8,1978,8,8,1978,5,3,0,0,3,3,8,3,0,1,1,0,0,0,0,4.01
2744,-9,25,7,1961,1,8,1961,1,2,0,0,8,8,14,4,0,1,1,0,0,0,0,4.01
2745,-9,22,10,1988,4,11,1988,5,3,-9,-9,14,14,16,4,0,1,1,0,0,0,0,4.01
2746,-9,4,5,1988,18,8,1988,7,3,0,0,107,107,15,4,0,1,1,0,0,0,0,4.01
2747,-9,8,8,1988,11,10,1988,5,3,0,0,65,65,15,4,0,1,1,0,0,0,0,4.01
2748,-9,14,11,1988,14,11,1988,8,4,0,0,1,1,15,4,0,1,1,0,0,0,0,4.01
2749,-9,20,2,1988,16,3,1988,1,2,-9,-9,26,26,17,4,1,1,1,0,0,0,0,4.01
2750,-9,29,4,1988,9,12,1988,5,3,0,0,225,225,16,4,0,1,1,0,0,0,0,4.01
2751,-9,18,5,1988,18,5,1988,5,3,0,0,1,1,16,4,0,1,1,0,0,0,0,4.01
2752,-9,19,4,1988,19,4,1988,5,3,0,0,1,1,16,4,0,1,1,0,0,0,0,4.01
2753,-9,10,10,1988,30,10,1988,5,3,0,0,21,21,16,4,0,1,1,0,0,0,0,4.01
2754,-9,28,3,1988,21,7,1988,5,3,0,0,116,116,16,4,1,1,1,0,0,0,0,4.01
2755,-9,14,2,1988,14,2,1988,5,3,0,0,1,1,1,2,0,1,1,0,0,0,0,4.01
2756,-9,8,8,1988,8,8,1988,5,3,0,0,1,1,16,4,0,1,1,0,0,0,0,4.01
2757,-9,7,10,1988,7,10,1988,5,3,0,0,1,1,12,3,0,1,1,0,0,0,0,4.01
2758,-9,14,5,1988,14,5,1988,5,3,0,0,1,1,16,4,0,1,1,0,0,0,0,4.01
2759,-9,7,7,1988,7,7,1988,5,3,0,0,1,1,16,4,0,1,1,0,0,0,0,4.01
2760,-9,11,12,1988,11,12,1988,5,3,1,-9,1,1,12,3,0,1,1,0,0,0,0,4.01
2761,-9,28,5,1988,28,5,1988,5,3,1,-9,1,1,17,4,1,1,1,0,0,0,0,4.01
2762,-9,27,5,1988,27,5,1988,5,3,0,0,1,1,16,4,0,1,1,0,0,0,0,4.01
2763,-9,11,6,1988,11,6,1988,5,3,0,0,1,1,16,4,0,1,1,0,0,0,0,4.01
2764,-9,14,5,1988,14,5,1988,5,3,0,0,1,1,16,4,0,1,1,0,0,0,0,4.01
2765,-9,21,3,1988,21,3,1988,5,3,0,0,1,1,16,4,0,1,1,0,0,0,0,4.01
2766,-9,20,1,1988,20,1,1988,5,3,0,0,1,1,1,2,0,1,1,0,0,0,0,4.01
2767,-9,14,5,1988,14,5,1988,5,3,0,0,1,1,16,4,0,1,1,0,0,0,0,4.01
2768,-9,16,8,1988,16,8,1988,5,3,-9,-9,1,1,17,4,1,1,1,0,0,0,0,4.01
2769,-9,31,1,1988,31,1,1988,5,3,0,0,1,1,16,4,0,1,1,0,0,0,0,4.01
2770,-9,9,9,1988,11,10,1988,5,3,0,0,33,33,16,4,0,1,1,0,0,0,0,4.01
2771,-9,29,9,1988,29,9,1988,5,3,0,0,1,1,12,3,0,1,1,0,0,0,0,4.01
2772,-9,19,4,1988,19,4,1988,5,3,0,0,1,1,16,4,0,1,1,0,0,0,0,4.01
2773,-9,14,4,1988,6,5,1988,7,1,0,0,23,23,16,4,0,1,1,0,0,0,0,4.01
2774,-9,12,2,1988,12,2,1988,5,3,0,0,1,1,16,4,0,1,1,0,0,0,0,4.01
2775,-9,30,12,1988,4,1,1989,5,3,-9,-9,6,6,16,4,1,1,1,0,0,0,0,4.01
2776,-9,20,5,1987,19,2,1988,6,1,3,-9,276,276,17,4,1,1,1,0,0,0,0,4.01
2777,-9,12,4,1987,4,5,1987,5,3,0,0,23,23,16,4,0,1,1,0,0,0,0,4.01
2778,-9,15,3,1987,15,6,1987,4,1,0,0,93,93,8,3,1,1,1,0,0,0,0,4.01
2779,-9,1,6,1987,25,6,1987,5,3,1,-9,25,25,17,4,1,1,1,0,0,0,0,4.01
2780,-9,15,4,1987,6,6,1987,5,3,0,0,53,53,7,3,0,1,1,0,0,0,0,4.01
2782,-9,8,6,1987,30,9,1987,5,3,0,0,115,115,16,4,1,1,1,0,0,0,0,4.01
2783,-9,11,10,1987,11,10,1987,5,3,1,-9,1,1,17,4,1,1,1,0,0,0,0,4.01
2784,-9,1,10,1987,1,10,1987,5,3,0,0,1,1,16,4,0,1,1,0,0,0,0,4.01
2785,-9,20,11,1987,20,11,1987,5,3,0,0,1,1,16,4,0,1,1,0,0,0,0,4.01
2786,-9,28,7,1987,28,7,1987,5,3,0,0,1,1,16,4,1,1,1,0,0,0,0,4.01
2787,-9,8,3,1987,8,3,1987,5,3,0,0,1,1,1,2,0,1,1,0,0,0,0,4.01
2788,-9,21,8,1987,23,9,1987,5,3,0,0,34,34,16,4,0,1,1,0,0,0,0,4.01
2789,-9,6,12,1987,14,6,1988,5,3,0,0,192,192,16,4,0,1,1,0,0,0,0,4.01
2790,-9,17,12,1987,17,12,1987,5,3,0,0,1,1,16,4,0,1,1,0,0,0,0,4.01
2791,-9,1,10,1987,1,10,1987,5,3,0,0,1,1,16,4,0,1,1,0,0,0,0,4.01
2792,-9,2,10,1987,27,3,1988,5,3,0,0,178,178,16,4,0,1,1,0,0,0,0,4.01
2793,-9,3,9,1987,2,10,1987,5,3,0,0,30,30,16,4,0,1,1,0,0,0,0,4.01
2794,-9,2,9,1987,25,12,1987,5,3,0,0,115,115,16,4,0,1,1,0,0,0,0,4.01
2795,-9,15,8,1987,15,8,1987,5,3,0,0,1,1,16,4,0,1,1,0,0,0,0,4.01
2796,-9,22,5,1987,22,5,1987,5,3,0,0,1,1,16,4,0,1,1,0,0,0,0,4.01
2797,-9,11,5,1987,20,5,1988,5,3,0,0,376,376,16,4,0,1,1,0,0,0,0,4.01
2798,-9,2,8,1987,24,4,1988,5,3,0,0,267,267,16,4,1,1,1,0,0,0,0,4.01
2799,-9,-9,6,1987,27,3,1988,5,3,1,-9,301,272,16,4,1,1,1,0,0,0,0,4.01
2800,-9,27,12,1987,27,12,1987,5,3,0,0,1,1,15,4,1,1,1,0,0,0,0,4.01
2801,-9,29,5,1987,29,5,1987,5,3,0,0,1,1,16,4,0,1,1,0,0,0,0,4.01
2802,-9,24,7,1987,12,8,1987,5,3,-9,-9,20,20,17,4,1,1,1,0,0,0,0,4.01
2803,-9,5,12,1986,5,12,1986,5,3,0,0,1,1,16,4,0,1,1,0,0,0,0,4.01
2804,-9,20,10,1987,28,12,1987,6,1,2,-9,70,70,17,4,1,1,1,0,0,0,0,4.01
2805,-9,3,6,1987,3,6,1987,5,3,1,-9,1,1,17,4,1,1,1,0,0,0,0,4.01
2806,-9,15,1,1987,15,1,1987,5,3,-9,-9,1,1,17,4,1,1,1,0,0,0,0,4.01
2807,-9,2,5,1987,2,5,1987,5,3,0,0,1,1,12,3,0,1,1,0,0,0,0,4.01
2808,-9,19,6,1987,15,7,1987,5,3,0,0,27,27,16,4,0,1,1,0,0,0,0,4.01
2809,-9,1,4,1987,18,4,1987,5,3,0,0,18,18,7,3,1,1,1,0,0,0,0,4.01
2810,-9,9,4,1987,25,4,1987,5,3,0,0,17,17,16,4,0,1,2,0,0,0,0,4.01
2811,-9,29,4,1987,29,4,1987,5,3,0,0,1,1,16,4,0,1,1,0,0,0,0,4.01
2812,-9,13,8,1987,5,9,1987,5,3,0,0,24,24,16,4,1,1,1,0,0,0,0,4.01
2813,-9,13,2,1987,24,3,1987,7,3,0,0,40,40,16,4,0,1,1,0,0,0,0,4.01
2814,-9,21,9,1987,21,9,1987,5,3,0,0,1,1,7,3,0,2,1,0,0,0,0,4.01
2815,-9,20,6,1987,20,6,1987,5,3,0,0,1,1,16,4,0,1,1,0,0,0,0,4.01
2816,-9,15,6,1987,15,6,1987,5,3,0,0,1,1,16,4,0,1,1,0,0,0,0,4.01
2817,-9,9,6,1987,29,3,1988,5,3,0,0,295,295,16,4,0,1,1,0,0,0,0,4.01
2818,-9,10,9,1987,12,12,1987,5,3,0,0,94,94,16,4,0,1,1,0,0,0,0,4.01
2819,-9,7,7,1987,12,11,1987,5,3,0,0,129,129,16,4,0,1,1,0,0,0,0,4.01
2820,-9,20,8,1987,20,8,1987,5,3,0,0,1,1,16,4,0,1,1,0,0,0,0,4.01
2821,-9,3,9,1987,15,9,1987,5,3,0,0,13,13,16,4,1,1,1,0,0,0,0,4.01
2822,-9,1,9,1987,1,9,1987,5,3,0,0,1,1,16,4,0,1,1,0,0,0,0,4.01
2823,-9,30,6,1987,11,8,1987,5,3,0,0,43,43,16,4,1,1,1,0,0,0,0,4.01
2824,-9,16,12,1987,14,5,1988,5,3,0,0,151,151,16,4,0,1,1,0,0,0,0,4.01
2825,-9,27,6,1987,27,6,1987,5,3,0,0,1,1,16,4,0,1,1,0,0,0,0,4.01
2826,-9,21,4,1987,2,11,1987,5,3,0,0,196,196,16,4,1,1,1,0,0,0,0,4.01
2827,-9,13,9,1987,13,9,1987,5,3,0,0,1,1,7,3,0,1,1,0,0,0,0,4.01
2828,-9,23,11,1987,23,11,1987,5,3,0,0,1,1,16,4,0,1,1,0,0,0,0,4.01
2829,-9,3,10,1987,3,10,1987,5,3,0,0,1,1,1,2,0,1,1,0,0,0,0,4.01
2830,-9,14,9,1987,14,9,1987,5,3,0,0,1,1,16,4,0,1,1,0,0,0,0,4.01
2831,-9,3,1,1987,3,1,1987,7,3,0,0,1,1,15,4,0,1,1,0,0,0,0,4.01
2832,-9,18,5,1987,4,8,1988,5,3,0,0,445,445,16,4,0,1,1,0,0,0,0,4.01
2833,-9,14,12,1987,14,12,1987,5,3,0,0,1,1,16,4,0,1,1,0,0,0,0,4.01
2834,-9,6,12,1987,2,7,1988,5,3,0,0,210,210,16,4,1,1,2,0,0,0,0,4.01
2838,-9,14,2,1959,14,2,1959,5,3,0,0,1,1,8,3,0,1,1,0,0,0,0,4.01
2839,-9,16,11,1959,16,11,1959,5,3,0,0,1,1,16,4,0,1,1,0,0,0,0,4.01
2840,-9,17,1,1948,6,3,1948,5,3,0,0,50,50,16,4,1,2,2,0,0,0,0,4.01
2841,-9,13,6,1959,13,6,1959,5,3,0,0,1,1,16,4,0,1,1,0,0,0,0,4.01
2842,-9,21,12,1956,21,12,1956,5,3,0,0,1,1,12,3,1,1,1,0,0,0,0,4.01
2843,-9,19,4,1956,19,4,1956,5,3,0,0,1,1,16,4,1,1,1,0,0,0,0,4.01
2844,-9,13,2,1956,13,2,1956,5,3,0,0,1,1,12,3,0,1,1,0,0,0,0,4.01
2845,-9,13,12,1957,18,12,1957,5,3,0,0,6,6,15,4,1,1,1,0,0,0,0,4.01
2846,-9,8,6,1957,8,6,1957,5,3,0,0,1,1,16,4,0,1,1,0,0,0,0,4.01
2847,-9,24,3,1955,19,11,1957,5,3,0,0,972,972,15,4,0,1,1,0,0,0,0,4.01
2848,-9,14,4,1957,14,4,1957,5,3,0,0,1,1,15,4,0,1,1,0,0,0,0,4.01
2849,-9,29,7,1957,29,7,1957,5,3,0,0,1,1,12,3,0,1,1,0,0,0,0,4.01
2850,-9,19,3,1957,19,3,1957,5,3,0,0,1,1,12,3,0,1,1,0,0,0,0,4.01
2852,-9,4,6,1958,5,10,1958,5,3,0,0,124,124,15,4,0,1,1,0,0,0,0,4.01
2853,-9,7,5,1958,7,5,1958,5,3,0,0,1,1,15,4,0,1,1,0,0,0,0,4.01
2854,-9,8,6,1958,19,7,1958,7,3,0,0,42,42,15,4,1,1,1,0,0,0,0,4.01
2855,-9,2,6,1958,30,6,1958,7,3,0,0,29,29,15,4,1,1,1,0,0,0,0,4.01
2856,-9,16,4,1958,17,4,1958,5,3,0,0,2,2,16,4,0,1,2,0,0,0,0,4.01
2857,-9,7,1,1958,10,1,1958,7,3,0,0,4,4,15,4,0,1,1,0,0,0,0,4.01
2858,-9,1,1,1958,4,1,1958,7,3,0,0,4,4,15,4,0,1,1,0,0,0,0,4.01
2859,-9,20,3,1959,11,5,1959,7,3,0,0,53,53,15,4,0,1,1,0,0,0,0,4.01
2860,-9,28,3,1959,28,3,1959,5,3,0,0,1,1,1,2,0,1,1,0,0,0,0,4.01
2861,-9,27,1,1959,24,8,1959,5,3,0,0,210,210,15,4,0,1,1,0,0,0,0,4.01
2862,-9,28,2,1959,28,2,1959,5,3,0,0,1,1,15,4,0,1,1,0,0,0,0,4.01
2863,-9,28,2,1959,6,3,1959,7,3,0,0,7,7,15,4,0,1,1,0,0,0,0,4.01
2864,-9,14,2,1959,14,2,1959,5,3,0,0,1,1,15,4,0,1,1,0,0,0,0,4.01
2865,-9,27,8,1958,5,6,1959,5,3,0,0,283,283,16,4,1,1,1,0,0,0,0,4.01
2866,-9,11,1,1959,11,1,1959,5,3,0,0,1,1,15,4,0,1,1,0,0,0,0,4.01
2867,-9,17,12,1959,17,12,1959,5,3,0,0,1,1,16,4,0,1,1,0,0,0,0,4.01
2869,-9,10,4,1959,12,4,1959,7,3,0,0,3,3,16,4,1,1,1,0,0,0,0,4.01
2870,-9,19,3,1959,20,3,1959,7,3,0,0,2,2,16,4,1,1,1,0,0,0,0,4.01
2871,-9,16,3,1959,18,6,1959,5,3,0,0,95,95,12,3,0,1,1,0,0,0,0,4.01
2873,-9,16,7,1960,7,9,1960,5,3,0,0,54,54,15,4,0,1,1,0,0,0,0,4.01
2874,-9,8,5,1960,8,5,1960,5,3,0,0,1,1,16,4,0,1,1,0,0,0,0,4.01
2875,-9,28,2,1960,30,6,1960,5,3,0,0,124,124,16,4,1,1,1,0,0,0,0,4.01
2876,-9,8,10,1960,8,10,1960,5,3,0,0,1,1,12,3,0,1,1,0,0,0,0,4.01
2877,-9,25,9,1960,25,9,1960,5,3,0,0,1,1,12,3,0,1,1,0,0,0,0,4.01
2878,-9,25,9,1960,25,9,1960,5,3,0,0,1,1,12,3,0,1,1,0,0,0,0,4.01
2880,-9,3,11,1961,3,11,1961,5,3,0,0,1,1,16,4,0,1,1,0,0,0,0,4.01
2882,-9,11,6,1961,18,8,1961,5,3,0,0,69,69,15,4,0,1,1,0,0,0,0,4.01
2883,-9,30,5,1961,31,5,1961,7,3,0,0,2,2,15,4,0,1,1,0,0,0,0,4.01
2884,-9,4,4,1961,4,4,1961,5,3,0,0,1,1,15,4,0,1,1,0,0,0,0,4.01
2885,-9,15,12,1960,13,4,1961,5,3,0,0,120,120,12,3,0,1,1,0,0,0,0,4.01
2887,-9,19,1,1961,19,1,1961,5,3,0,0,1,1,12,3,0,1,1,0,0,0,0,4.01
2888,-9,21,6,1962,8,9,1962,5,3,0,0,80,80,15,4,0,1,1,0,0,0,0,4.01
2889,-9,13,5,1962,13,5,1962,5,3,0,0,1,1,15,4,0,1,1,0,0,0,0,4.01
2890,-9,11,3,1962,11,3,1962,5,3,0,0,1,1,12,3,0,1,1,0,0,0,0,4.01
2891,-9,17,10,1966,17,10,1966,5,3,1,-9,1,1,16,4,1,1,1,0,0,0,0,4.01
2892,-9,6,2,1963,9,1,1966,5,3,-9,-9,1069,1069,17,4,1,1,1,0,0,0,0,4.01
2893,-9,3,12,1963,3,12,1963,5,3,0,0,1,1,15,4,0,1,1,0,0,0,0,4.01
2894,-9,17,11,1963,17,11,1963,5,3,0,0,1,1,15,4,0,1,1,0,0,0,0,4.01
2895,-9,27,9,1963,27,9,1963,5,3,0,0,1,1,15,4,0,1,1,0,0,0,0,4.01
2896,-9,27,8,1963,27,8,1963,5,3,0,0,1,1,15,4,0,1,1,0,0,0,0,4.01
2897,-9,21,11,1963,21,11,1963,5,3,-9,-9,1,1,16,4,0,1,1,0,0,0,0,4.01
2898,-9,4,10,1963,4,10,1963,5,3,0,0,1,1,16,4,0,1,1,0,0,0,0,4.01
2899,-9,15,3,1963,15,3,1963,5,3,0,0,1,1,12,3,0,1,1,0,0,0,0,4.01
2900,-9,30,11,1964,30,11,1964,5,3,0,0,1,1,15,4,0,1,1,0,0,0,0,4.01
2901,-9,17,7,1964,17,7,1964,5,3,0,0,1,1,16,4,0,1,1,0,0,0,0,4.01
2902,-9,19,11,1964,19,11,1964,5,3,0,0,1,1,15,4,0,1,2,0,0,0,0,4.01
2903,-9,21,9,1964,21,9,1964,5,3,0,0,1,1,15,4,0,1,1,0,0,0,0,4.01
2904,-9,30,3,1964,30,3,1964,5,3,0,0,1,1,16,4,0,1,1,0,0,0,0,4.01
2905,-9,29,1,1964,29,1,1964,5,3,0,0,1,1,15,4,0,1,1,0,0,0,0,4.01
2906,-9,19,12,1964,19,12,1964,5,3,0,0,1,1,16,4,0,1,1,0,0,0,0,4.01
2907,-9,24,9,1964,24,9,1964,5,3,0,0,1,1,12,3,0,1,1,0,0,0,0,4.01
2908,-9,11,9,1964,16,9,1964,5,3,0,0,6,6,12,3,0,1,1,0,0,0,0,4.01
2909,-9,28,1,1964,10,3,1964,5,3,-9,-9,43,43,16,4,0,1,1,0,0,0,0,4.01
2910,-9,12,6,1965,12,6,1965,5,3,0,0,1,1,7,3,0,1,1,0,0,0,0,4.01
2911,-9,27,10,1965,27,10,1965,5,3,0,0,1,1,15,4,0,1,1,0,0,0,0,4.01
2912,-9,25,4,1965,25,4,1965,5,3,0,0,1,1,15,4,0,1,1,0,0,0,0,4.01
2913,-9,5,3,1965,5,3,1965,5,3,0,0,1,1,15,4,0,1,1,0,0,0,0,4.01
2914,-9,11,1,1965,14,1,1965,5,3,0,0,4,4,15,4,0,1,1,0,0,0,0,4.01
2915,-9,28,5,1965,28,5,1965,5,3,0,0,1,1,12,3,0,1,1,0,0,0,0,4.01
2916,-9,28,4,1965,2,5,1965,5,3,0,0,5,5,16,4,1,1,1,0,0,0,0,4.01
2917,-9,4,4,1965,5,4,1965,7,3,0,0,2,2,15,4,0,1,1,0,0,0,0,4.01
2918,-9,25,4,1966,25,4,1966,5,3,0,0,1,1,16,4,0,1,1,0,0,0,0,4.01
2919,-9,14,3,1966,14,3,1966,5,3,0,0,1,1,15,4,0,1,1,0,0,0,0,4.01
2920,-9,22,1,1966,22,1,1966,5,3,0,0,1,1,15,4,0,1,1,0,0,0,0,4.01
2921,-9,15,7,1966,15,7,1966,5,3,0,0,1,1,16,4,0,1,1,0,0,0,0,4.01
2922,-9,17,6,1968,17,6,1968,5,3,0,0,1,1,15,4,0,1,1,0,0,0,0,4.01
2923,-9,4,5,1968,18,5,1968,7,1,0,0,15,15,15,4,0,1,1,0,0,0,0,4.01
2924,-9,13,2,1968,13,2,1968,5,3,0,0,1,1,7,3,0,1,1,0,0,0,0,4.01
2925,-9,28,9,1968,8,11,1968,5,3,0,0,42,42,15,4,0,1,1,0,0,0,0,4.01
2926,-9,30,6,1968,17,11,1968,7,3,0,0,141,141,15,4,0,1,1,0,0,0,0,4.01
2927,-9,22,6,1968,22,6,1968,5,3,0,0,1,1,15,4,0,1,1,0,0,0,0,4.01
2928,-9,30,6,1968,2,7,1968,7,3,0,0,3,3,16,4,0,1,1,0,0,0,0,4.01
2929,-9,5,10,1965,23,11,1967,5,3,0,0,780,780,16,4,0,1,1,0,0,0,0,4.01
2930,-9,10,5,1967,17,5,1967,5,3,0,0,8,8,16,4,0,1,3,0,0,0,0,4.01
2931,-9,28,4,1967,28,4,1967,5,3,0,0,1,1,7,3,0,1,1,0,0,0,0,4.01
2932,-9,12,10,1967,12,10,1967,5,3,0,0,1,1,16,4,0,1,1,0,0,0,0,4.01
2933,-9,30,4,1967,30,4,1967,5,3,0,0,1,1,15,4,0,1,1,0,0,0,0,4.01
2934,-9,2,3,1967,22,3,1967,5,3,0,0,21,21,15,4,0,1,1,0,0,0,0,4.01
2935,-9,8,9,1967,8,9,1967,5,3,-9,-9,1,1,16,4,1,1,1,0,0,0,0,4.01
2936,-9,19,9,1969,4,10,1969,5,3,0,0,16,16,16,4,0,1,1,0,0,0,0,4.01
2937,-9,9,8,1969,3,9,1969,5,3,0,0,26,26,16,4,0,1,1,0,0,0,0,4.01
2938,-9,4,2,1969,4,2,1969,5,3,-9,-9,1,1,17,4,1,1,1,0,0,0,0,4.01
2939,-9,9,1,1969,9,1,1969,5,3,0,0,1,1,15,4,0,1,3,0,0,0,0,4.01
2940,-9,20,11,1968,19,12,1968,7,3,0,0,30,30,15,4,0,1,1,0,0,0,0,4.01
2941,-9,15,4,1969,27,4,1969,5,3,2,-9,13,13,16,4,1,2,1,0,0,0,0,4.01
2942,-9,15,11,1970,16,11,1970,5,3,0,0,2,2,16,4,0,1,1,0,0,0,0,4.01
2943,-9,15,12,1971,28,12,1971,7,3,0,0,14,14,15,4,1,1,1,0,0,0,0,4.01
2944,-9,29,1,1971,29,1,1971,5,3,0,0,1,1,16,4,1,1,1,0,0,0,0,4.01
2945,-9,14,8,1971,14,8,1971,5,3,0,0,1,1,15,4,0,1,1,0,0,0,0,4.01
2946,-9,24,2,1971,6,7,1971,7,3,0,0,133,133,15,4,1,1,1,0,0,0,0,4.01
2947,-9,9,2,1971,9,3,1971,5,3,0,0,29,29,12,3,0,1,1,0,0,0,0,4.01
2948,-9,22,8,1972,22,8,1972,5,3,0,0,1,1,16,4,0,1,1,0,0,0,0,4.01
2949,-9,17,1,1972,22,1,1972,5,3,0,0,6,6,15,4,0,1,1,0,0,0,0,4.01
2950,-9,21,3,1973,21,3,1973,5,3,0,0,1,1,16,4,0,1,1,0,0,0,0,4.01
2951,-9,23,2,1974,24,2,1974,7,3,0,0,2,2,15,4,0,1,1,0,0,0,0,4.01
2952,-9,14,9,1974,14,9,1974,7,3,0,0,1,1,15,4,0,1,1,0,0,0,0,4.01
2953,-9,2,9,1975,2,9,1975,7,3,0,0,1,1,15,4,0,1,1,0,0,0,0,4.01
2954,-9,17,8,1975,22,8,1975,7,3,0,0,6,6,15,4,0,1,1,0,0,0,0,4.01
2955,-9,24,4,1975,24,4,1975,5,3,0,0,1,1,16,4,0,1,1,0,0,0,0,4.01
2956,-9,1,8,1976,1,8,1976,5,3,0,0,1,1,15,4,0,1,1,0,0,0,0,4.01
2957,-9,5,5,1976,6,5,1976,7,3,0,0,2,2,15,4,0,1,1,0,0,0,0,4.01
2958,-9,7,1,1976,7,1,1976,5,3,0,0,1,1,15,4,0,1,1,0,0,0,0,4.01
2959,-9,25,11,1976,25,11,1976,5,3,-9,-9,1,1,16,4,1,1,1,0,0,0,0,4.01
2960,-9,15,10,1976,15,10,1976,5,3,0,0,1,1,12,3,0,1,1,0,0,0,0,4.01
2961,-9,12,4,1976,13,4,1976,7,3,0,0,2,2,15,4,1,1,1,0,0,0,0,4.01
2962,-9,30,4,1977,1,5,1977,7,3,0,0,2,2,15,4,0,1,1,0,0,0,0,4.01
2963,-9,12,11,1977,13,11,1977,7,3,0,0,2,2,15,4,0,1,1,0,0,0,0,4.01
2964,-9,7,9,1977,7,9,1977,5,3,0,0,1,1,12,3,0,1,1,0,0,0,0,4.01
2965,-9,30,7,1978,30,7,1978,5,3,0,0,1,1,15,4,0,1,1,0,0,0,0,4.01
2966,-9,13,4,1978,13,4,1978,5,3,0,0,1,1,7,3,0,1,1,0,0,0,0,4.01
2967,-9,14,11,1979,14,11,1979,5,3,0,0,1,1,15,4,0,1,1,0,0,0,0,4.01
2968,-9,28,8,1979,31,8,1979,5,3,0,0,4,4,16,4,0,1,1,0,0,0,0,4.01
2969,-9,13,7,1980,13,7,1980,5,3,0,0,1,1,16,4,0,1,1,0,0,0,0,4.01
2970,-9,31,8,1981,31,8,1981,5,3,0,0,1,1,16,4,0,1,1,0,0,0,0,4.01
2971,-9,14,8,1981,14,8,1981,5,3,0,0,1,1,12,3,0,1,1,0,0,0,0,4.01
2972,-9,17,7,1981,30,7,1981,5,3,0,0,14,14,7,3,1,1,1,0,0,0,0,4.01
2973,-9,5,6,1982,4,10,1982,5,3,0,0,122,122,16,4,1,1,1,0,0,0,0,4.01
2974,-9,24,4,1982,13,7,1982,5,3,0,0,81,81,15,4,0,1,1,0,0,0,0,4.01
2975,-9,8,3,1982,8,3,1982,5,3,0,0,1,1,16,4,0,1,1,0,0,0,0,4.01
2976,-9,3,4,1982,3,4,1982,5,3,0,0,1,1,12,3,1,1,1,0,0,0,0,4.01
2977,-9,17,3,1982,17,3,1982,5,3,0,0,1,1,12,3,0,1,1,0,0,0,0,4.01
2978,-9,3,2,1982,3,2,1982,5,3,0,0,1,1,7,3,0,1,1,0,0,0,0,4.01
2979,-9,9,1,1982,9,1,1982,5,3,0,0,1,1,12,3,0,1,1,0,0,0,0,4.01
2981,-9,19,4,1983,19,4,1983,5,3,0,0,1,1,12,3,0,1,1,0,0,0,0,4.01
2982,-9,16,12,1982,16,12,1982,5,3,0,0,1,1,7,3,0,1,1,0,0,0,0,4.01
2983,-9,19,1,1983,19,1,1983,7,3,0,0,1,1,15,4,0,1,1,0,0,0,0,4.01
2984,-9,9,9,1953,9,9,1953,5,3,0,0,1,1,16,4,0,1,1,0,0,0,0,4.01
2985,-9,16,6,1954,16,6,1954,7,3,0,0,1,1,15,4,1,1,1,0,0,0,0,4.01
2986,-9,22,7,1956,8,8,1956,5,3,0,0,18,18,15,4,0,1,1,0,0,0,0,4.01
2987,-9,24,8,1954,27,11,1955,5,3,0,0,461,461,16,4,1,1,1,0,0,0,0,4.01
2988,-9,24,5,1953,25,11,1953,5,3,0,0,186,186,15,4,1,1,1,0,0,0,0,4.01
2989,-9,25,9,1952,3,10,1952,5,3,-9,-9,9,9,17,4,1,1,1,0,0,0,0,4.01
2990,-9,25,10,1952,25,10,1952,5,3,0,0,1,1,16,4,0,1,1,0,0,0,0,4.01
2991,-9,13,2,1951,8,6,1951,5,3,0,0,116,116,16,4,0,1,1,0,0,0,0,4.01
2992,-9,18,3,1951,22,5,1951,5,3,0,0,66,66,15,4,0,1,1,0,0,0,0,4.01
2996,-9,7,6,1959,4,8,1959,5,3,0,0,59,59,16,4,0,1,1,0,0,0,0,4.01
2997,-9,1,10,1959,1,10,1959,5,3,0,0,1,1,7,3,0,1,1,0,0,0,0,4.01
2998,-9,10,3,1959,15,3,1959,5,3,-9,-9,6,6,17,4,1,1,1,0,0,0,0,4.01
2999,-9,15,12,1959,15,12,1959,5,3,0,0,1,1,17,4,1,1,1,0,0,0,0,4.01
3000,-9,27,2,1979,1,3,1979,5,3,0,0,3,3,14,4,0,1,1,0,0,0,0,4.01
3001,-9,9,2,1979,13,5,1979,5,3,0,0,94,94,7,3,1,1,2,0,0,0,0,4.01
3002,-9,26,2,1979,26,2,1979,5,3,0,0,1,1,16,4,0,1,1,0,0,0,0,4.01
3003,-9,14,12,1978,24,1,1979,5,3,-9,-9,42,42,17,4,1,1,1,0,0,0,0,4.01
3004,-9,16,10,1978,10,8,1979,5,3,-9,-9,299,299,16,4,1,1,1,0,0,0,0,4.01
3005,-9,23,8,1978,26,8,1978,5,3,0,0,4,4,16,4,0,1,1,0,0,0,0,4.01
3007,-9,18,4,1978,15,3,1979,5,1,6,-9,332,332,20,5,1,1,2,0,0,0,0,4.01
3008,-9,20,4,1978,20,4,1978,5,3,0,0,1,1,16,4,0,1,1,0,0,0,0,4.01
3009,-9,17,3,1978,17,3,1978,5,3,0,0,1,1,7,3,0,1,1,0,0,0,0,4.01
3010,-9,15,2,1978,17,2,1978,7,1,0,0,3,3,15,4,1,1,1,0,0,0,0,4.01
3011,-9,20,3,1978,20,3,1978,5,3,0,0,1,1,17,4,1,1,1,0,0,0,0,4.01
3012,-9,1,2,1978,1,2,1978,5,3,0,0,1,1,17,4,1,2,1,0,0,0,0,4.01
3013,-9,13,10,1977,15,10,1977,5,3,0,0,3,3,16,4,1,1,1,0,0,0,0,4.01
3014,-9,20,5,1977,27,5,1977,5,3,0,0,8,8,7,3,1,1,1,0,0,0,0,4.01
3015,-9,27,2,1978,1,3,1978,5,3,1,-9,3,3,17,4,1,1,1,0,0,0,0,4.01
3016,-9,27,1,1980,30,1,1980,5,3,0,0,4,4,7,3,0,2,1,0,0,0,0,4.01
3017,-9,19,1,1980,4,3,1980,5,3,0,0,46,46,7,3,1,2,1,0,0,0,0,4.01
3018,-9,31,8,1977,31,8,1977,5,3,0,0,1,1,7,3,1,1,1,0,0,0,0,4.01
3020,-9,4,11,1979,21,1,1981,7,1,0,0,445,445,16,4,1,1,1,0,0,0,0,4.01
3021,-9,13,8,1979,13,8,1979,5,3,0,0,1,1,7,3,0,1,1,0,0,0,0,4.01
3022,-9,15,11,1979,19,11,1979,5,3,0,0,5,5,7,3,1,1,1,0,0,0,0,4.01
3023,-9,26,10,1979,1,11,1979,7,3,0,0,7,7,15,4,0,1,1,0,0,0,0,4.01
3024,-9,10,6,1979,10,10,1979,5,3,-9,-9,123,123,17,4,1,1,1,0,0,0,0,4.01
3025,-9,18,3,1979,26,6,1979,5,3,-9,-9,101,101,16,4,1,1,1,0,0,0,0,4.01
3026,-9,2,3,1979,15,3,1979,5,3,0,0,14,14,12,3,0,1,1,0,0,0,0,4.01
3027,-9,12,3,1984,20,9,1984,5,3,1,-9,193,193,17,4,1,1,1,0,0,0,0,4.01
3029,-9,19,2,1985,19,2,1985,5,3,0,0,1,1,16,4,0,1,1,0,0,0,0,4.01
3030,-9,14,6,1985,14,6,1985,5,3,0,0,1,1,16,4,0,1,1,0,0,0,0,4.01
3031,-9,26,8,1984,25,10,1984,5,3,0,0,61,61,17,4,1,1,1,0,0,0,0,4.01
3033,-9,9,1,1985,9,1,1985,5,3,0,0,1,1,16,4,0,1,1,0,0,0,0,4.01
3034,-9,26,12,1984,26,12,1984,5,3,0,0,1,1,16,4,0,1,1,0,0,0,0,4.01
3035,-9,25,12,1984,25,12,1984,5,3,0,0,1,1,16,4,0,1,1,0,0,0,0,4.01
3036,-9,22,12,1984,22,12,1984,5,3,0,0,1,1,16,4,0,1,1,0,0,0,0,4.01
3037,-9,17,12,1984,25,1,1985,7,1,0,0,40,40,16,4,1,1,1,0,0,0,0,4.01
3038,-9,10,12,1984,10,12,1984,5,3,0,0,1,1,16,4,0,1,1,0,0,0,0,4.01
3039,-9,9,10,1984,9,10,1984,5,3,0,0,1,1,16,4,0,1,2,0,0,0,0,4.01
3040,-9,9,9,1984,15,9,1984,5,3,0,0,7,7,16,4,0,1,1,0,0,0,0,4.01
3041,-9,22,8,1984,22,8,1984,5,3,0,0,1,1,15,4,0,1,1,0,0,0,0,4.01
3042,-9,10,7,1984,24,10,1984,5,3,0,0,107,107,16,4,0,1,1,0,0,0,0,4.01
3043,-9,4,7,1984,17,4,1985,5,3,0,0,288,288,16,4,0,1,1,0,0,0,0,4.01
3044,-9,15,6,1984,15,6,1984,5,3,1,-9,1,1,17,4,1,1,1,0,0,0,0,4.01
3045,-9,3,6,1984,3,6,1984,5,3,0,0,1,1,16,4,0,1,1,0,0,0,0,4.01
3046,-9,25,5,1984,16,7,1985,5,3,0,0,418,418,16,4,0,1,1,0,0,0,0,4.01
3048,-9,26,4,1984,5,7,1984,5,3,0,0,71,71,16,4,1,1,1,0,0,0,0,4.01
3049,-9,19,4,1984,28,8,1984,5,3,0,0,132,132,16,4,0,1,1,0,0,0,0,4.01
3050,-9,27,3,1984,9,11,1984,6,1,0,0,228,228,16,4,1,1,1,0,0,0,0,4.01
3051,-9,8,3,1984,31,3,1984,3,3,0,0,24,24,16,4,1,1,3,0,0,0,0,4.01
3052,-9,8,3,1984,8,3,1984,5,3,0,0,1,1,16,4,0,1,1,0,0,0,0,4.01
3053,-9,5,3,1984,5,3,1984,5,3,0,0,1,1,16,4,0,1,1,0,0,0,0,4.01
3054,-9,28,12,1983,16,1,1984,5,3,-9,-9,20,20,17,4,1,1,1,0,0,0,0,4.01
3055,-9,9,12,1983,10,6,1984,6,1,1,-9,185,185,17,4,1,1,1,0,0,0,0,4.01
3056,-9,19,11,1983,21,11,1983,5,3,0,0,3,3,8,3,1,1,1,0,0,0,0,4.01
3057,-9,4,11,1983,29,1,1985,5,3,0,0,453,453,16,4,0,1,1,0,0,0,0,4.01
3058,-9,21,10,1983,1,11,1983,1,2,3,-9,12,12,17,4,1,7,2,0,0,0,0,4.01
3059,-9,9,10,1983,10,10,1983,5,3,0,0,2,2,7,3,0,1,1,0,0,0,0,4.01
3060,-9,1,10,1983,-9,1,1984,5,3,-9,-9,123,93,17,4,1,1,1,0,0,0,0,4.01
3062,-9,3,9,1983,1,4,1984,5,3,-9,-9,212,212,17,4,1,1,1,0,0,0,0,4.01
3063,-9,1,9,1983,1,9,1983,5,3,0,0,1,1,16,4,0,1,1,0,0,0,0,4.01
3064,-9,9,8,1983,9,8,1983,5,3,0,0,1,1,7,3,0,1,1,0,0,0,0,4.01
3065,-9,1,8,1983,10,8,1983,5,3,0,0,10,10,7,3,1,2,1,0,0,0,0,4.01
3066,-9,29,4,1983,11,7,1983,5,3,4,-9,74,74,17,4,1,1,1,0,0,0,0,4.01
3067,-9,27,4,1983,8,5,1983,5,3,0,0,12,12,15,4,1,1,1,0,0,0,0,4.01
3068,-9,16,4,1983,30,4,1983,7,1,0,0,15,15,15,4,0,1,1,0,0,0,0,4.01
3070,-9,12,4,1983,17,10,1983,5,3,1,-9,189,189,16,4,1,1,1,0,0,0,0,4.01
3071,-9,26,2,1983,26,7,1983,5,3,0,0,151,151,16,4,1,1,1,0,0,0,0,4.01
3072,-9,16,2,1983,20,2,1983,3,3,0,0,5,5,7,3,1,1,3,0,0,0,0,4.01
3073,-9,9,12,1982,27,3,1983,5,3,0,0,109,109,16,4,0,1,1,0,0,0,0,4.01
3074,-9,29,12,1982,13,1,1983,5,3,0,0,16,16,15,4,0,1,1,0,0,0,0,4.01
3075,-9,1,2,1983,1,2,1983,5,3,0,0,1,1,7,3,0,1,1,0,0,0,0,4.01
3076,-9,21,8,1982,29,10,1982,5,3,-9,-9,70,70,16,4,1,1,1,0,0,0,0,4.01
3077,-9,12,8,1982,12,8,1982,4,3,0,0,1,1,16,4,0,1,1,0,0,0,0,4.01
3078,-9,9,8,1982,9,8,1982,5,3,0,0,1,1,16,4,0,1,1,0,0,0,0,4.01
3079,-9,9,8,1982,9,8,1982,5,3,0,0,1,1,16,4,0,1,1,0,0,0,0,4.01
3081,-9,18,7,1982,18,7,1982,5,3,0,0,1,1,1,2,0,1,1,0,0,0,0,4.01
3082,-9,16,6,1982,17,6,1982,5,3,-9,-9,2,2,16,4,1,1,1,0,0,0,0,4.01
3083,-9,26,5,1982,26,6,1982,5,3,0,0,32,32,16,4,0,1,1,0,0,0,0,4.01
3084,-9,11,5,1982,11,5,1982,5,3,0,0,1,1,1,2,0,1,1,0,0,0,0,4.01
3085,-9,10,5,1982,5,9,1982,5,3,0,0,119,119,16,4,0,1,1,0,0,0,0,4.01
3086,-9,13,4,1982,13,4,1982,5,3,0,0,1,1,7,3,0,1,1,0,0,0,0,4.01
3087,-9,5,4,1982,5,4,1982,5,3,0,0,1,1,16,4,0,2,1,0,0,0,0,4.01
3088,-9,3,3,1982,3,3,1982,5,3,0,0,1,1,1,2,0,1,1,0,0,0,0,4.01
3089,-9,24,2,1982,24,2,1982,5,3,0,0,1,1,12,3,1,1,1,0,0,0,0,4.01
3090,-9,28,2,1982,16,9,1982,6,1,1,-9,201,201,17,4,1,1,1,0,0,0,0,4.01
3092,-9,9,11,1981,9,11,1981,5,3,0,0,1,1,12,3,1,1,1,0,0,0,0,4.01
3093,-9,22,10,1981,6,11,1981,5,3,0,0,16,16,7,3,1,1,1,0,0,0,0,4.01
3094,-9,19,10,1981,19,10,1981,5,3,0,0,1,1,12,3,0,1,1,0,0,0,0,4.01
3095,-9,1,10,1981,1,10,1981,5,3,0,0,1,1,16,4,0,1,1,0,0,0,0,4.01
3096,-9,24,9,1981,24,9,1981,5,3,1,-9,1,1,17,4,1,1,1,0,0,0,0,4.01
3097,-9,21,9,1981,21,9,1981,5,3,1,-9,1,1,17,4,1,1,1,0,0,0,0,4.01
3098,-9,10,9,1981,6,12,1981,5,3,-9,-9,88,88,16,4,1,1,5,0,0,0,0,4.01
3099,-9,18,8,1981,21,8,1981,5,3,-9,-9,4,4,16,4,1,2,1,0,0,0,0,4.01
3100,-9,12,8,1981,19,8,1981,7,3,0,0,8,8,15,4,0,1,1,0,0,0,0,4.01
3101,-9,7,6,1981,7,6,1981,1,3,-9,-9,1,1,12,3,0,1,1,0,0,0,0,4.01
3102,-9,5,5,1981,17,8,1981,5,3,4,-9,105,105,17,4,1,1,1,0,0,0,0,4.01
3103,-9,15,12,1981,15,12,1981,6,1,0,0,1,1,12,3,0,1,1,0,0,0,0,4.01
3104,-9,20,5,1981,20,5,1981,6,1,1,-9,1,1,17,4,1,1,1,0,0,0,0,4.01
3105,-9,25,10,1980,20,1,1981,7,3,0,0,88,88,15,4,0,1,1,0,0,0,0,4.01
3106,-9,22,2,1982,24,2,1982,5,3,0,0,3,3,16,4,0,1,1,0,0,0,0,4.01
3107,-9,26,11,1980,8,1,1981,5,3,0,0,44,44,7,3,1,1,2,0,0,0,0,4.01
3108,-9,13,11,1980,16,11,1980,5,3,0,0,4,4,16,4,0,1,1,0,0,0,0,4.01
3109,-9,23,11,1980,23,11,1980,5,3,0,0,1,1,16,4,0,1,1,0,0,0,0,4.01
3111,-9,20,11,1980,20,11,1980,5,3,0,0,1,1,16,4,0,1,1,0,0,0,0,4.01
3112,-9,11,8,1980,11,2,1981,5,3,0,0,185,185,14,4,0,1,1,0,0,0,0,4.01
3113,-9,15,7,1980,15,7,1980,5,3,0,0,1,1,7,3,0,1,1,0,0,0,0,4.01
3114,-9,15,6,1980,15,6,1980,5,3,0,0,1,1,16,4,0,1,1,0,0,0,0,4.01
3115,-9,19,5,1980,19,5,1980,5,3,0,0,1,1,7,3,0,1,1,0,0,0,0,4.01
3116,-9,6,5,1980,6,5,1980,5,3,0,0,1,1,1,2,0,1,1,0,0,0,0,4.01
3117,-9,2,6,1980,2,11,1980,4,3,0,0,154,154,7,3,0,1,1,0,0,0,0,4.01
3118,-9,14,3,1980,8,12,1980,5,3,0,0,270,270,11,3,1,1,1,0,0,0,0,4.01
3119,-9,29,2,1980,29,7,1980,5,4,0,0,152,152,16,4,0,1,1,0,0,0,0,4.01
3120,-9,7,2,1980,7,2,1980,5,3,0,0,1,1,7,3,0,1,1,0,0,0,0,4.01
3121,-9,4,2,1980,4,2,1980,4,3,0,0,1,1,7,3,0,1,1,0,0,0,0,4.01
3122,-9,21,9,1977,1,10,1977,7,3,0,0,11,11,15,4,0,1,1,0,0,0,0,4.01
3123,-9,1,10,1977,1,10,1977,7,3,0,0,1,1,16,4,0,1,1,0,0,0,0,4.01
3124,-9,3,9,1977,4,9,1977,5,3,0,0,2,2,16,4,0,1,1,0,0,0,0,4.01
3125,-9,27,8,1977,1,11,1977,5,3,0,0,67,67,1,2,0,1,1,0,0,0,0,4.01
3126,-9,12,7,1977,10,9,1977,5,3,3,-9,61,61,17,4,1,1,1,0,0,0,0,4.01
3127,-9,6,7,1977,2,11,1977,5,3,1,-9,120,120,17,4,1,1,2,0,0,0,0,4.01
3129,-9,23,6,1977,26,6,1977,5,3,-9,-9,4,4,17,4,1,1,1,0,0,0,0,4.01
3130,-9,27,6,1977,28,6,1977,5,3,0,0,2,2,12,3,0,1,1,0,0,0,0,4.01
3131,-9,11,5,1977,21,12,1979,5,3,-9,-9,955,955,18,4,1,1,2,0,0,0,0,4.01
3135,-9,10,3,1966,14,4,1966,4,1,0,0,36,36,7,3,0,1,1,0,0,0,0,4.01
3150,-9,23,4,1959,24,4,1959,5,3,0,0,2,2,16,4,1,1,1,0,0,0,0,4.01
3151,-9,5,3,1958,5,3,1958,5,3,0,0,1,1,16,4,0,1,1,0,0,0,0,4.01
3152,-9,5,3,1958,13,4,1958,5,3,-9,-9,40,40,17,4,1,1,1,0,0,0,0,4.01
3153,-9,7,1,1956,10,1,1956,5,3,0,0,4,4,7,3,0,1,1,0,0,0,0,4.01
3154,-9,3,11,1955,10,12,1956,5,3,1,-9,404,404,17,4,1,1,1,0,0,0,0,4.01
3155,-9,26,3,1955,30,3,1955,5,3,0,0,5,5,12,3,1,1,1,0,0,0,0,4.01
3161,-9,26,4,1949,14,8,1949,5,3,0,0,111,111,7,3,1,2,1,0,0,0,0,4.01
3162,-9,26,9,1960,30,9,1960,5,3,0,0,5,5,16,4,0,1,1,0,0,0,0,4.01
3163,-9,17,8,1962,17,8,1962,5,3,0,0,1,1,16,4,0,1,1,0,0,0,0,4.01
3164,-9,15,8,1962,19,8,1962,5,3,0,0,5,5,16,4,1,1,1,0,0,0,0,4.01
3165,-9,30,3,1962,30,3,1962,5,3,1,-9,1,1,17,4,1,1,1,0,0,0,0,4.01
3166,-9,19,8,1963,8,11,1963,6,1,1,-9,82,82,16,4,0,1,1,0,0,0,0,4.01
3167,-9,5,2,1963,5,2,1963,5,3,0,0,1,1,12,3,0,1,1,0,0,0,0,4.01
3168,-9,27,5,1965,27,5,1965,5,3,1,-9,1,1,17,4,1,1,1,0,0,0,0,4.01
3169,-9,28,7,1965,28,7,1965,5,3,0,0,1,1,16,4,0,1,1,0,0,0,0,4.01
3170,-9,15,1,1967,15,1,1967,5,3,0,0,1,1,7,3,1,1,1,0,0,0,0,4.01
3171,-9,24,2,1966,29,12,1966,5,3,1,-9,309,309,16,4,1,1,1,0,0,0,0,4.01
3172,-9,20,4,1967,30,4,1967,5,3,0,0,11,11,12,3,1,1,1,0,0,0,0,4.01
3173,-9,1,5,1969,13,11,1969,6,1,-9,-9,197,197,17,4,1,1,1,0,0,0,0,4.01
3174,-9,2,8,1974,28,8,1974,5,3,0,0,27,27,12,3,1,1,1,0,0,0,0,4.01
3175,-9,4,8,1975,12,10,1975,5,3,0,0,70,70,16,4,1,1,1,0,0,0,0,4.01
3176,-9,6,6,1976,25,11,1976,6,4,0,0,173,173,7,3,1,1,1,0,0,0,0,4.01
3177,-9,18,7,1976,18,7,1976,7,3,0,0,1,1,15,4,0,1,1,0,0,0,0,4.01
3179,-9,5,4,1976,5,4,1976,5,3,0,0,1,1,16,4,0,1,1,0,0,0,0,4.01
3180,-9,28,12,1981,3,1,1982,5,3,0,0,7,7,12,3,0,1,1,0,0,0,0,4.01
3192,-9,5,10,1946,5,10,1946,5,3,0,0,1,1,16,4,1,1,1,0,0,0,0,4.01
3193,-9,9,8,1946,31,8,1946,5,3,1,-9,23,23,16,4,1,1,1,0,0,0,0,4.01
3194,-9,12,9,1949,12,9,1949,7,3,0,0,1,1,15,4,0,1,1,0,0,0,0,4.01
3195,-9,17,5,1951,8,9,1951,3,3,0,0,115,115,7,3,1,1,2,0,0,0,0,4.01
3196,-9,3,5,1950,27,9,1950,5,3,0,0,148,148,15,4,0,1,1,0,0,0,0,4.01
3197,-9,19,4,1950,19,4,1950,5,3,0,0,1,1,12,3,0,1,1,0,0,0,0,4.01
3198,-9,3,9,1951,3,12,1951,7,3,0,0,92,92,15,4,0,1,1,0,0,0,0,4.01
3199,-9,2,8,1951,2,8,1951,5,3,0,0,1,1,16,4,0,1,1,0,0,0,0,4.01
3200,-9,1,5,1952,1,5,1952,5,3,0,0,1,1,17,4,1,1,1,0,0,0,0,4.01
3201,-9,14,5,1952,3,12,1952,7,3,0,0,204,204,15,4,0,1,1,0,0,0,0,4.01
3202,-9,8,6,1952,14,6,1952,5,3,0,0,7,7,12,3,0,1,1,0,0,0,0,4.01
3203,-9,10,9,1953,10,9,1953,7,3,0,0,1,1,15,4,0,1,1,0,0,0,0,4.01
3204,-9,10,8,1953,10,8,1953,7,3,0,0,1,1,15,4,0,1,1,0,0,0,0,4.01
3205,-9,21,5,1954,22,5,1954,7,3,0,0,2,2,16,4,1,1,1,0,0,0,0,4.01
3206,-9,-9,5,1969,15,8,1969,7,3,0,0,107,77,15,4,1,1,1,0,0,0,0,4.01
3207,-9,17,10,1953,20,6,1954,5,3,0,0,247,247,15,4,0,1,1,0,0,0,0,4.01
3208,-9,14,12,1953,4,7,1954,5,3,0,0,203,203,16,4,0,1,1,0,0,0,0,4.01
3209,-9,4,10,1954,4,10,1954,5,3,0,0,1,1,12,3,1,1,1,0,0,0,0,4.01
3210,-9,15,9,1954,15,9,1954,5,3,0,0,1,1,12,3,0,1,1,0,0,0,0,4.01
3211,-9,1,2,1955,1,2,1955,7,3,0,0,1,1,15,4,0,1,1,0,0,0,0,4.01
3212,-9,29,12,1955,29,12,1955,7,3,0,0,1,1,15,4,0,1,1,0,0,0,0,4.01
3213,-9,25,12,1955,25,12,1955,5,3,0,0,1,1,17,4,1,1,1,0,0,0,0,4.01
3214,-9,30,4,1955,30,4,1955,5,3,0,0,1,1,15,4,0,1,1,0,0,0,0,4.01
3215,-9,19,1,1973,20,5,1973,5,3,0,0,122,122,16,4,1,1,1,0,0,0,0,4.01
3216,-9,15,3,1955,9,4,1955,7,3,0,0,26,26,15,4,0,1,1,0,0,0,0,4.01
3217,-9,31,1,1974,4,2,1974,5,3,0,0,5,5,7,3,0,1,3,0,0,0,0,4.01
3218,-9,28,11,1955,28,11,1955,5,3,0,0,1,1,12,3,0,1,1,0,0,0,0,4.01
3219,-9,27,7,1955,27,7,1955,5,3,0,0,1,1,16,4,0,1,1,0,0,0,0,4.01
3221,-9,23,9,1956,23,9,1956,5,3,0,0,1,1,16,4,0,1,1,0,0,0,0,4.01
3222,-9,12,11,1956,12,11,1956,5,3,0,0,1,1,16,4,0,1,1,0,0,0,0,4.01
3223,-9,1,9,1956,1,9,1956,5,3,0,0,1,1,16,4,0,1,1,0,0,0,0,4.01
3224,-9,11,4,1956,11,4,1956,5,3,0,0,1,1,15,4,0,1,1,0,0,0,0,4.01
3225,-9,30,1,1956,7,2,1956,5,3,0,0,9,9,15,4,0,1,1,0,0,0,0,4.01
3226,-9,17,5,1976,17,5,1976,5,3,-9,-9,1,1,17,4,1,1,1,0,0,0,0,4.01
3227,-9,24,9,1974,5,10,1974,5,3,-9,-9,12,12,16,4,1,1,1,0,0,0,0,4.01
3229,-9,7,1,1949,4,4,1949,5,3,1,-9,88,88,17,4,1,1,2,0,0,0,0,4.01
3230,-9,1,1,1957,22,1,1959,5,3,2,-9,752,752,17,4,1,1,1,0,0,0,0,4.01
3231,-9,15,8,1959,20,8,1961,5,3,2,-9,737,737,17,4,1,1,1,0,0,0,0,4.01
3242,-9,29,3,1955,-9,4,1955,7,3,0,0,33,4,15,4,0,1,1,0,0,0,0,4.01
3243,-9,29,1,1955,-9,2,1955,7,3,0,0,31,4,15,4,0,1,1,0,0,0,0,4.01
3244,-9,29,10,1962,1,11,1962,7,3,0,0,4,4,15,4,0,1,1,0,0,0,0,4.01
3265,-9,12,5,1947,-9,2,1948,5,3,-9,-9,294,266,17,4,1,2,1,0,0,0,0,4.01
3266,-9,21,7,1949,21,7,1949,5,3,-9,-9,1,1,16,4,0,1,1,0,0,0,0,4.01
3267,-9,29,1,1973,29,1,1973,5,3,0,0,1,1,8,3,0,1,1,0,0,0,0,4.01
3268,-9,20,11,1974,20,11,1974,5,3,0,0,1,1,16,4,0,1,1,0,0,0,0,4.01
3270,-9,25,5,1973,25,5,1973,5,3,0,0,1,1,16,4,0,1,1,0,0,0,0,4.01
3271,-9,8,4,1967,8,4,1967,5,3,0,0,1,1,1,2,0,1,1,0,0,0,0,4.01
3300,-9,-9,5,1968,9,7,1968,7,4,0,0,70,40,15,4,1,1,1,0,0,0,0,4.01
3310,-9,30,10,1961,30,10,1961,5,3,0,0,1,1,15,4,0,1,1,0,0,0,0,4.01
3360,-9,8,11,1960,8,11,1960,5,3,3,-9,1,1,17,4,1,1,1,0,0,0,0,4.01
3361,-9,-9,12,1961,26,2,1962,5,3,0,0,88,58,7,3,1,1,3,0,0,0,0,4.01
3370,-9,6,11,1950,7,4,1951,3,1,0,0,153,153,16,4,1,1,1,0,0,0,0,4.01
3371,-9,20,12,1951,20,12,1951,5,3,0,0,1,1,12,3,0,1,1,0,0,0,0,4.01
3372,-9,19,9,1951,2,7,1952,4,3,3,-9,288,288,16,4,1,1,1,0,0,0,0,4.01
3373,-9,24,1,1953,6,10,1956,5,3,3,-9,1352,1352,16,4,1,1,1,0,0,0,0,4.01
3374,-9,24,12,1952,26,3,1954,5,3,0,0,458,458,15,4,1,1,1,0,0,0,0,4.01
3375,-9,3,4,1957,28,4,1961,5,3,3,-9,1487,1487,16,4,1,1,1,0,0,0,0,4.01
3376,-9,20,8,1962,30,11,1962,5,3,0,0,103,103,7,3,0,1,1,0,0,0,0,4.01
3377,-9,23,7,1963,23,7,1963,5,3,-9,-9,1,1,17,4,1,1,1,0,0,0,0,4.01
3378,-9,22,4,1964,3,3,1965,5,3,0,0,316,316,15,4,1,1,1,0,0,0,0,4.01
3379,-9,18,2,1966,29,11,1966,5,3,-9,-9,285,285,16,4,1,1,1,0,0,0,0,4.01
3380,-9,25,10,1973,25,7,1975,5,1,-9,-9,639,639,17,4,1,1,1,0,0,0,0,4.01
3381,-9,15,10,1975,6,3,1976,5,3,0,0,144,144,1,2,0,1,1,0,0,0,0,4.01
3382,-9,14,11,1977,19,11,1977,5,3,0,0,6,6,8,3,0,1,1,0,0,0,0,4.01
3383,-9,3,7,1979,3,7,1979,6,1,-9,-9,1,1,7,3,0,1,1,0,0,0,0,4.01
3384,-9,20,1,1983,21,1,1983,3,1,0,0,2,2,7,3,0,1,1,0,0,0,0,4.01
3385,-9,16,8,1983,5,7,1985,7,1,0,0,690,690,15,4,1,1,1,0,0,0,0,4.01
3386,-9,23,12,1949,7,1,1950,5,1,-9,-9,16,16,17,4,1,1,1,0,0,0,0,4.01
3387,-9,8,8,1970,17,10,1971,5,3,-9,-9,436,436,16,4,1,1,1,0,0,0,0,4.01
3400,-9,12,7,1950,12,7,1950,4,3,0,0,1,1,15,4,0,1,1,0,0,0,0,4.01
3401,-9,28,12,1951,28,12,1951,5,3,0,0,1,1,16,4,1,1,1,0,0,0,0,4.01
3402,-9,12,8,1952,12,8,1952,5,3,0,0,1,1,7,3,0,1,1,0,0,0,0,4.01
3403,-9,28,2,1954,28,2,1954,5,3,0,0,1,1,16,4,0,1,1,0,0,0,0,4.01
3404,-9,6,4,1954,25,2,1955,5,3,1,-9,326,326,17,4,1,1,1,0,0,0,0,4.01
3405,-9,14,10,1955,9,6,1960,5,3,1,-9,1701,1701,16,4,1,2,1,0,0,0,0,4.01
3406,-9,12,2,1961,15,8,1961,5,3,0,0,185,185,16,4,1,1,1,0,0,0,0,4.01
3407,-9,3,8,1962,30,8,1962,5,3,2,-9,28,28,16,4,1,1,1,0,0,0,0,4.01
3408,-9,7,11,1963,17,2,1964,5,3,0,0,103,103,16,4,1,1,1,0,0,0,0,4.01
3409,-9,3,11,1964,21,3,1965,5,3,1,-9,139,139,16,4,1,1,1,0,0,0,0,4.01
3410,-9,2,12,1965,2,12,1965,5,3,0,0,1,1,16,4,1,1,1,0,0,0,0,4.01
3411,-9,16,2,1950,4,9,1950,5,3,1,-9,201,201,16,4,1,1,1,0,0,0,0,4.01
3412,-9,17,9,1966,27,11,1966,5,3,0,0,72,72,16,4,1,3,1,0,0,0,0,4.01
3413,-9,16,12,1951,29,6,1952,5,3,1,-9,197,197,17,4,1,1,1,0,0,0,0,4.01
3414,-9,9,1,1952,25,4,1952,7,3,0,0,108,108,15,4,0,1,1,0,0,0,0,4.01
3415,-9,15,8,1954,28,12,1954,7,3,0,0,136,136,15,4,1,1,1,0,0,0,0,4.01
3416,-9,4,8,1955,4,8,1955,7,3,0,0,1,1,15,4,0,1,1,0,0,0,0,4.01
3417,-9,-9,2,1953,22,1,1958,5,3,2,-9,1817,1790,16,4,1,1,1,0,0,0,0,4.01
3418,-9,29,3,1955,31,3,1955,5,3,0,0,3,3,16,4,1,1,1,0,0,0,0,4.01
3419,-9,10,11,1958,8,9,1963,5,3,2,-9,1764,1764,16,4,1,2,1,0,0,0,0,4.01
3420,-9,14,9,1958,18,9,1958,7,3,0,0,5,5,15,4,0,1,1,0,0,0,0,4.01
3421,-9,24,5,1959,20,8,1959,7,3,0,0,89,89,15,4,0,1,1,0,0,0,0,4.01
3422,-9,6,7,1960,13,7,1960,7,3,0,0,8,8,15,4,0,1,1,0,0,0,0,4.01
3423,-9,4,12,1962,11,11,1963,5,3,0,0,343,343,10,3,1,1,1,0,0,0,0,4.01
3424,-9,22,7,1963,4,9,1963,5,3,1,-9,45,45,16,4,1,1,1,0,0,0,0,4.01
3425,-9,21,4,1964,27,11,1966,5,3,1,-9,951,951,16,4,1,1,1,0,0,0,0,4.01
3427,-9,9,10,1950,13,7,1952,5,3,2,-9,644,644,17,4,1,1,1,0,0,0,0,4.01
3428,-9,22,2,1953,28,10,1953,5,3,0,0,249,249,16,4,1,1,1,0,0,0,0,4.01
3429,-9,20,7,1954,17,3,1959,5,3,1,-9,1702,1702,16,4,1,2,1,0,0,0,0,4.01
3430,-9,7,10,1959,22,8,1960,5,3,0,0,321,321,16,4,1,1,1,0,0,0,0,4.01
3431,-9,30,5,1961,30,1,1963,5,3,1,-9,611,611,16,4,1,2,1,0,0,0,0,4.01
3433,-9,13,2,1966,3,8,1966,5,3,1,-9,172,172,16,4,1,1,1,0,0,0,0,4.01
3434,-9,27,9,1961,27,9,1961,5,3,0,0,1,1,12,3,1,1,1,0,0,0,0,4.01
3435,-9,11,9,1965,21,2,1966,5,3,0,0,164,164,4,2,1,1,1,0,0,0,0,4.01
3437,-9,7,11,1973,31,5,1974,2,1,-9,-9,206,206,16,4,1,1,1,0,0,0,0,4.01
3438,-9,8,6,1974,20,10,1975,5,1,0,0,500,500,15,4,1,1,1,0,0,0,0,4.01
3439,-9,26,11,1975,23,9,1977,5,3,0,0,668,668,16,4,1,1,1,0,0,0,0,4.01
3440,-9,1,7,1978,11,7,1978,5,3,0,0,11,11,17,4,1,1,1,0,0,0,0,4.01
3441,-9,27,6,1979,-9,2,1980,5,3,1,-9,248,220,16,4,1,1,1,0,0,0,0,4.01
3442,-9,4,10,1982,14,6,1984,5,3,-9,-9,620,620,16,4,1,1,1,0,0,0,0,4.01
3443,-9,13,6,1985,7,8,1986,5,3,-9,-9,421,421,16,4,1,1,1,0,0,0,0,4.01
3444,-9,11,4,1982,5,6,1985,2,1,6,-9,1152,1152,20,5,1,1,2,0,0,0,0,4.01
3445,-9,6,4,1949,13,4,1949,5,1,0,0,8,8,12,3,1,1,1,0,0,0,0,4.01
3446,-9,15,6,1967,27,11,1967,5,3,0,0,166,166,17,4,1,1,1,0,0,0,0,4.01
3447,-9,3,9,1968,17,10,1971,5,3,-9,-9,1140,1140,17,4,1,1,1,0,0,0,0,4.01
3448,-9,24,8,1980,25,7,1981,5,1,1,-9,336,336,17,4,1,2,1,0,0,0,0,4.01
3540,-9,30,12,1983,14,6,1986,5,3,2,-9,898,898,17,4,1,1,1,0,0,0,0,4.01
3541,-9,19,2,1984,30,4,1984,5,3,0,0,72,72,7,3,1,1,1,0,0,0,0,4.01
3602,-9,9,4,1977,11,4,1977,5,3,0,0,3,3,16,4,0,1,1,0,0,0,0,4.01
3603,-9,25,6,1977,25,6,1977,5,3,0,0,1,1,16,4,0,1,1,0,0,0,0,4.01
3604,-9,19,2,1978,19,2,1978,5,3,-9,-9,1,1,17,4,1,1,1,0,0,0,0,4.01
3606,-9,29,6,1978,12,10,1978,5,3,0,0,106,106,7,3,0,1,1,0,0,0,0,4.01
3607,-9,6,2,1979,18,2,1979,7,3,0,0,13,13,15,4,0,1,1,0,0,0,0,4.01
3609,-9,18,4,1980,17,6,1980,7,3,0,0,61,61,15,4,0,1,1,0,0,0,0,4.01
3610,-9,23,9,1980,23,9,1980,5,3,0,0,1,1,7,3,1,1,1,0,0,0,0,4.01
3612,-9,15,1,1982,15,1,1982,5,3,0,0,1,1,16,4,0,1,1,0,0,0,0,4.01
3613,-9,3,12,1982,7,12,1982,5,3,0,0,5,5,7,3,0,2,1,0,0,0,0,4.01
3614,-9,10,4,1983,24,4,1983,5,3,2,-9,15,15,16,4,1,1,1,0,0,0,0,4.01
3615,-9,28,4,1983,7,5,1983,7,3,0,0,10,10,15,4,1,1,1,0,0,0,0,4.01
3616,-9,4,9,1983,4,3,1984,5,3,0,0,183,183,7,3,0,1,2,0,0,0,0,4.01
3617,-9,9,5,1984,23,7,1984,5,3,0,0,76,76,16,4,1,1,6,0,0,0,0,4.01
3618,-9,7,5,1985,5,11,1985,5,3,-9,-9,183,183,17,4,1,1,1,0,0,0,0,4.01
3620,-9,28,8,1985,2,12,1985,5,3,0,0,97,97,8,3,1,1,2,0,0,0,0,4.01
3621,-9,30,9,1985,30,9,1985,5,3,0,0,1,1,16,4,0,1,1,0,0,0,0,4.01
3622,-9,9,1,1985,6,2,1986,5,3,-9,-9,394,394,17,4,1,1,1,0,0,0,0,4.01
3625,-9,16,11,1985,16,3,1986,3,3,0,0,121,121,8,3,1,1,4,0,0,0,0,4.01
3626,-9,27,2,1986,22,4,1986,5,3,1,-9,55,55,16,4,1,1,1,0,0,0,0,4.01
3628,-9,-9,10,1986,15,3,1987,5,1,6,-9,166,136,20,5,1,1,1,0,0,0,0,4.01
3629,-9,23,6,1986,-9,7,1986,5,3,-9,-9,39,9,17,4,1,1,1,0,0,0,0,4.01
3630,-9,1,3,1982,14,6,1982,2,2,6,-9,106,106,20,5,1,1,1,0,0,0,0,4.01
3631,-9,2,7,1977,17,12,1980,1,2,-9,-9,1265,1265,17,4,1,1,2,0,0,0,0,4.01
3632,-9,3,12,1980,3,12,1980,5,3,0,0,1,1,8,3,0,1,1,0,0,0,0,4.01
3633,-9,13,12,1980,15,11,1981,5,3,0,0,338,338,7,3,1,2,1,0,0,0,0,4.01
3634,-9,27,2,1983,21,12,1984,5,1,-9,-9,664,664,17,4,1,1,4,0,0,0,0,4.01
3635,-9,10,2,1986,11,9,1987,5,3,-9,-9,579,579,17,4,1,1,2,0,0,0,0,4.01
3636,-9,13,1,1986,15,4,1986,3,3,-9,-9,93,93,16,4,1,1,1,0,0,0,0,4.01
3637,-9,7,1,1986,7,1,1986,5,3,0,0,1,1,7,3,0,1,1,0,0,0,0,4.01
3638,-9,5,10,1987,5,10,1987,5,3,1,-9,1,1,16,4,1,1,1,0,0,0,0,4.01
3639,-9,14,1,1984,12,7,1984,5,3,-9,-9,181,181,17,4,1,1,1,0,0,0,0,4.01
3640,-9,21,11,1970,27,11,1970,5,3,-9,-9,7,7,17,4,1,1,1,0,0,0,0,4.01
3659,-9,6,11,1971,6,11,1971,5,3,0,0,1,1,12,3,0,1,1,0,0,0,0,4.01
3900,-9,11,12,1989,11,12,1989,5,3,0,0,1,1,16,4,0,1,1,0,0,0,0,4.01
3901,-9,12,1,1989,22,12,1989,2,2,3,-9,345,345,16,4,1,1,1,0,0,0,0,4.01
3903,-9,2,8,1989,2,8,1989,5,3,0,0,1,1,1,2,0,1,1,0,0,0,0,4.01
3904,-9,23,5,1989,29,5,1989,5,3,1,-9,7,7,17,4,1,1,1,0,0,0,0,4.01
3905,-9,9,4,1989,30,9,1989,5,3,1,-9,175,175,16,4,1,1,1,0,0,0,0,4.01
3906,-9,11,12,1989,15,12,1989,1,2,0,0,5,5,14,4,0,1,1,0,0,0,0,4.01
3907,-9,30,11,1989,12,2,1990,5,3,0,0,75,75,7,3,0,1,1,0,0,0,0,4.01
3908,-9,29,8,1989,29,8,1989,5,3,0,0,1,1,16,4,0,1,1,0,0,0,0,4.01
3909,-9,12,1,1989,12,1,1989,5,3,0,0,1,1,8,3,1,1,1,0,0,0,0,4.01
3910,-9,10,4,1989,27,4,1989,5,3,0,0,18,18,16,4,1,1,1,0,0,0,0,4.01
3911,-9,12,3,1989,12,3,1989,5,3,2,-9,1,1,17,4,1,1,1,0,0,0,0,4.01
3912,-9,15,11,1989,3,2,1990,6,1,1,-9,81,81,17,4,1,1,1,0,0,0,0,4.01
3913,-9,20,9,1989,20,9,1989,5,3,0,0,1,1,16,4,1,1,1,0,0,0,0,4.01
3914,-9,17,2,1989,13,3,1989,5,3,1,-9,25,25,17,4,1,1,1,0,0,0,0,4.01
3915,-9,3,6,1989,3,6,1989,5,3,0,0,1,1,16,4,0,1,1,0,0,0,0,4.01
3916,-9,11,2,1989,7,4,1989,5,3,0,0,56,56,16,4,1,1,1,0,0,0,0,4.01
3917,-9,28,1,1989,28,1,1989,5,3,0,0,1,1,15,4,0,1,1,0,0,0,0,4.01
3918,-9,15,7,1989,15,7,1989,5,3,0,0,1,1,17,4,1,1,1,0,0,0,0,4.01
3919,-9,21,5,1989,21,5,1989,5,3,0,0,1,1,16,4,0,1,1,0,0,0,0,4.01
3920,-9,23,1,1989,22,7,1989,5,3,0,0,181,181,16,4,0,1,1,0,0,0,0,4.01
3921,-9,25,10,1989,25,10,1989,5,3,0,0,1,1,17,4,1,1,1,0,0,0,0,4.01
3922,-9,21,10,1989,21,10,1989,5,3,0,0,1,1,16,4,0,1,1,0,0,0,0,4.01
3950,-9,31,1,1990,-9,5,1990,5,3,0,0,121,91,16,4,1,1,1,0,0,0,0,4.01
3951,-9,2,10,1990,2,10,1990,5,3,0,0,1,1,16,4,0,1,1,0,0,0,0,4.01
3952,-9,15,4,1990,24,5,1990,5,1,1,-9,40,40,16,4,1,1,1,0,0,0,0,4.01
3953,-9,15,11,1989,16,4,1990,5,3,2,-9,153,153,17,4,1,1,1,0,0,0,0,4.01
3954,-9,4,1,1990,4,1,1990,5,3,0,0,1,1,1,2,0,1,1,0,0,0,0,4.01
3955,-9,21,2,1990,21,2,1990,5,3,0,0,1,1,16,4,0,1,1,0,0,0,0,4.01
3956,-9,2,4,1990,28,2,1991,5,3,0,0,333,333,16,4,1,1,1,0,0,0,0,4.01
3957,-9,28,5,1990,3,3,1991,2,2,6,-9,280,280,20,5,1,2,27,0,0,0,0,4.01
3958,-9,4,5,1990,3,3,1991,5,3,1,-9,304,304,17,4,1,1,1,0,0,0,0,4.01
3959,-9,11,2,1990,22,12,1990,6,1,1,-9,315,315,17,4,1,1,1,0,0,0,0,4.01
3960,-9,8,2,1990,21,2,1990,5,3,1,-9,14,14,17,4,1,1,1,0,0,0,0,4.01
3961,-9,25,6,1990,29,10,1990,6,1,0,0,127,127,16,4,0,1,1,0,0,0,0,4.01
3970,-9,-9,2,1991,3,3,1991,5,3,0,0,31,4,7,3,0,1,1,0,0,0,0,4.01
3971,-9,24,1,1991,24,1,1991,5,3,0,0,1,1,1,2,0,1,1,0,0,0,0,4.01
3972,-9,29,7,1991,29,7,1991,7,3,0,0,1,1,15,4,0,1,1,0,0,0,0,4.01
3973,-9,21,5,1991,21,5,1991,5,3,0,0,1,1,16,4,1,1,1,0,0,0,0,4.01
3974,-9,15,3,1991,31,12,1991,8,4,-9,-9,292,292,17,4,1,3,1,0,0,0,0,4.01
3975,-9,27,10,1991,5,11,1991,6,1,0,0,10,10,7,3,0,2,1,0,0,0,0,4.01
3976,-9,27,6,1991,2,8,1991,5,3,0,0,37,37,12,3,1,1,1,0,0,0,0,4.01
3977,-9,22,8,1991,19,9,1991,5,3,0,0,29,29,12,3,1,1,1,0,0,0,0,4.01
3978,-9,31,3,1991,-9,4,1991,5,3,0,0,31,2,14,4,0,1,1,0,0,0,0,4.01
3979,-9,27,1,1991,28,12,1991,5,3,-9,-9,336,336,17,4,1,1,1,0,0,0,0,4.01
3980,-9,5,8,1991,27,10,1991,5,3,0,0,84,84,16,4,0,1,1,0,0,0,0,4.01
3981,-9,4,10,1991,4,10,1991,5,3,0,0,1,1,12,3,0,1,1,0,0,0,0,4.01
3982,-9,7,8,1991,29,8,1991,5,3,0,0,23,23,16,4,1,1,1,0,0,0,0,4.01
3983,-9,9,2,1991,3,3,1991,5,3,0,0,23,23,8,3,0,1,1,0,0,0,0,4.01
3984,-9,4,2,1991,30,3,1991,5,3,0,0,55,55,8,3,0,1,1,0,0,0,0,4.01
3985,-9,1,5,1991,2,9,1991,5,3,-9,-9,125,125,17,4,1,1,1,0,0,0,0,4.01
3986,-9,21,12,1991,21,12,1991,5,3,1,-9,1,1,16,4,1,1,1,0,0,0,0,4.01
3987,-9,6,10,1991,13,10,1991,5,1,0,0,8,8,12,3,1,1,1,0,0,0,0,4.01
3988,-9,2,2,1991,2,2,1991,5,3,0,0,1,1,16,4,1,1,1,0,0,0,0,4.01
3994,-9,-9,9,1977,13,6,1978,5,1,-9,-9,286,257,17,4,0,1,1,0,0,0,0,4.01
